id,domain,status,purchase_price,renewal_price,attractiveness,demand,length,registrar,created_at,expires_at,status_verified_at
8915adc9-30f7-4542-94e5-5314eeed121e,calculations.solar,available,64.99,64.99,medium,low,12,namesilo,,,17/09/2026 02:07
44a10af8-65a4-4295-af17-7a810c25ab1e,divers.solar,available,9.99,,high,low,6,name.com,,,
4da982f2-a64f-4474-9130-76a3179f7805,unpaired.solar,available,64.99,64.99,medium,low,8,namesilo,,,12/09/2026 15:30
c2a3ca24-8c07-4535-97ef-6d46da7b274d,straighten.solar,available,64.99,64.99,high,low,10,namesilo,,,11/09/2026 15:43
3a3bc8e5-79e4-4762-8524-cf34291b8ade,quickset.solar,available,67.98,81.98,medium,low,8,namecheap,,,09/09/2026 08:43
0a6373b6-815d-4555-8b78-fde59ac4e127,aggressive.solar,available,64.99,64.99,high,low,10,namesilo,,,21/09/2026 22:59
ed397292-b6cd-4312-ab1c-ab3e1e1c5c60,kathleen.solar,available,67.98,81.98,high,low,8,namecheap,,,25/09/2026 14:34
d715043c-c3fe-45da-bf26-930117ec961a,unlawful.solar,available,9.99,83.99,medium,low,8,name.com,,,21/08/2026 19:54
532e3c7c-cbb0-4b3a-ad4c-0425eb9fbdbc,binate.solar,available,9.99,83.99,high,low,6,name.com,,,09/08/2026 23:39
3ccbf615-e5c7-4be3-931d-8e6dbe84326a,fonts.solar,available,64.99,64.99,medium,low,5,namesilo,,,20/09/2026 22:56
e3502525-c79b-4756-820c-225cb9592514,hernandez.solar,available,64.99,64.99,high,low,9,namesilo,,,25/09/2026 16:13
062fb937-8e19-4ee1-8f4c-fe711cee7e7a,willful.solar,available,9.99,83.99,medium,low,7,name.com,,,18/08/2026 16:37
28920195-ca80-4fb6-8d4b-9d586155a87d,treatment.solar,available,64.99,64.99,high,low,9,namesilo,,,23/09/2026 08:47
8b4b8d92-2d19-4f79-a1bc-874016660a67,erst.solar,available,9.99,83.99,medium,low,4,name.com,,,17/08/2026 13:07
ca38c14b-2d4c-4c02-a99a-eab96e2d6d06,bicycle.solar,available,64.99,64.99,high,low,7,namesilo,,,27/09/2026 03:10
2de74c11-d7db-4e19-b495-5aab2f66b590,percy.solar,available,64.99,64.99,high,low,5,namesilo,,,25/09/2026 06:59
4502fd18-0bd6-4e31-a3c8-2dda7a244c7f,historic.solar,available,9.99,83.99,high,low,8,name.com,,,21/08/2026 09:51
4be5de52-6e1e-45c8-84de-f61fc275a279,endlessly.solar,available,64.99,64.99,high,low,9,namesilo,,,14/09/2026 06:09
9b866bce-77e2-48c5-b799-b3312ec60b7a,anomie.solar,available,64.99,64.99,medium,low,6,namesilo,,,19/09/2026 11:29
2703e58c-cbd2-4b10-8a08-b05795bd7398,thou.solar,available,67.98,81.98,high,low,4,namecheap,,,21/09/2026 11:11
fe506e34-1472-4e58-a8d6-af75cba2c8ff,admit.solar,available,64.99,64.99,high,low,5,namesilo,,,26/09/2026 00:34
0aa6e0c8-3d12-46ac-8fe5-d393b6db7d0c,modal.solar,available,67.98,81.98,high,low,5,namecheap,,,25/09/2026 21:10
4082836d-33b3-4500-9465-0cbd1471c00b,inelegant.solar,available,9.99,83.99,medium,low,9,name.com,,,22/08/2026 03:44
41c88071-aff2-4d74-baba-f3d80e8e7cb9,lame.solar,available,9.99,83.99,high,low,4,name.com,,,13/08/2026 07:03
19ab3fcb-4076-49ae-a2eb-bef74935fbe5,hodgkin.solar,available,64.99,64.99,medium,low,7,namesilo,,,18/09/2026 01:43
82d29ece-5c84-4978-a314-6599f836622b,bony.solar,available,9.99,83.99,high,low,4,name.com,,,10/08/2026 18:42
51287798-57a2-4ff8-8713-0ded54c112a2,sunnily.solar,available,64.99,64.99,medium,low,7,namesilo,,,14/09/2026 06:41
2637364b-ca12-4312-bfc8-45a5e94ba5f7,disarmer.solar,available,64.99,64.99,medium,low,8,namesilo,,,04/09/2026 22:39
37c8c858-e3f8-4aed-812c-f131f5abdc5d,leash.solar,available,9.99,83.99,high,low,5,name.com,,,
0f21ee6b-dca1-4482-8980-006e30adb646,takeout.solar,available,64.99,64.99,high,low,8,namesilo,,,19/09/2026 06:56
faa67c80-5806-4c93-8eeb-9a45061b8754,infernal.solar,available,9.99,83.99,high,low,8,name.com,,,10/08/2026 12:50
cb9bf5c1-20d3-45c3-aa86-c483e7230320,audiology.solar,available,64.99,64.99,high,low,9,namesilo,,,21/09/2026 02:56
14b3d61e-14bb-4d6a-8e93-7197ca2c3c43,tog.solar,available,67.98,81.98,high,low,3,namecheap,,,19/09/2026 20:00
39148125-0394-41ec-917f-73ea3ec11115,nuprin.solar,available,64.99,64.99,medium,low,6,namesilo,,,17/09/2026 11:20
c504de76-0f23-4377-ae43-9f7af23231be,thwack.solar,available,64.99,64.99,medium,low,6,namesilo,,,16/09/2026 02:47
f74a1436-7df4-4902-873d-23400fb5d966,creepy.solar,available,64.99,64.99,high,low,6,namesilo,,,24/09/2026 01:42
5dc9ae52-19c8-48a7-94a5-10341b24164c,class.solar,available,9.99,,high,low,5,name.com,,,
5cd31314-c8bc-4762-85bb-b7d6c7a502f0,bonsai.solar,available,67.98,81.98,high,low,6,namecheap,,,24/09/2026 06:40
f276ab3f-8e8f-4750-ae6e-c95dd0dd52e3,belted.solar,available,9.99,83.99,medium,low,6,name.com,,,09/08/2026 14:02
60df918b-32f9-4cfd-8c5d-c30c341f83b2,automobiles.solar,available,64.99,64.99,high,low,11,namesilo,,,17/09/2026 22:53
3676e890-68b1-40ee-90f0-d5b0b1f97d26,sudanese.solar,available,64.99,64.99,high,low,8,namesilo,,,11/09/2026 01:05
dda0b804-97d7-4886-b3ef-edb3b2094758,agonising.solar,available,9.99,83.99,medium,low,9,name.com,,,
480ef0ca-2e48-4115-b2cb-eb876f77e80d,arch.solar,resell,,,high,medium,4,Dynadot Inc,22/01/2026 17:01,22/01/2027 17:01,26/09/2026 03:58
36f75538-c01d-4f34-946e-58e8631f1a92,maltese.solar,available,9.99,83.99,high,low,7,name.com,,,24/08/2026 14:15
9f61c146-5416-48a2-9270-235c9211140d,multitude.solar,available,9.99,,high,low,9,name.com,,,
7e68ea70-aa43-422a-9672-ccacb54e7b85,lawrence.solar,available,64.99,64.99,high,low,8,namesilo,,,25/09/2026 04:32
0b381ea6-f79e-449b-8e15-3b124a8a8c86,reaches.solar,available,67.98,81.98,high,low,7,namecheap,,,18/09/2026 18:09
46b808df-db3e-4b5b-9d62-624900ec7cd3,amerindian.solar,available,64.99,64.99,high,low,10,namesilo,,,03/09/2026 13:51
e68af3d5-4500-444c-85f2-7fedcc89e411,mcmahon.solar,available,64.99,64.99,high,low,7,namesilo,,,25/09/2026 21:50
4e70270a-9006-46c3-8558-fd96c0bf2b73,mindfully.solar,available,64.99,64.99,high,low,9,namesilo,,,13/09/2026 17:29
17399d23-8980-44fb-9b9a-b51d42d2ab41,anzio.solar,available,64.99,64.99,medium,low,5,namesilo,,,19/09/2026 16:01
316b723b-d9a8-4227-b678-cfa1d9936eb8,visibility.solar,available,9.99,,high,low,10,name.com,,,
68926d78-045f-4e0a-8394-701637b6674f,spaces.solar,available,64.99,64.99,high,low,6,namesilo,,,24/09/2026 15:02
57ba253d-6159-4886-a70c-67d3a6f87051,biochemist.solar,available,67.98,81.98,high,low,10,namecheap,,,23/09/2026 17:44
3fafa7bf-0077-423d-870e-1a77f42b910f,balkan.solar,resell,,,high,low,6,"GoDaddy.com, LLC",10/04/2014 04:39,10/04/2027 04:39,26/09/2026 04:14
a4dc27db-6798-4b81-9663-34fd621c80b7,blaster.solar,available,67.98,81.98,high,low,7,namecheap,,,24/09/2026 04:22
3a30a431-f49a-413c-b3c6-5cad262484fd,jeremy.solar,available,67.98,81.98,high,low,6,namecheap,,,27/09/2026 10:46
7996e38c-99da-4311-894f-b7686e70c494,moroccan.solar,available,9.99,83.99,high,low,8,name.com,,,24/08/2026 16:17
e1932f7e-8b58-4ae2-a5f4-88872c7aae7a,vendue.solar,available,64.99,64.99,medium,low,6,namesilo,,,21/09/2026 02:46
09935520-ae3e-4a38-b846-59a8b14cc8e9,cleanable.solar,available,9.99,83.99,high,low,9,name.com,,,12/08/2026 10:19
dc6fc7f2-a194-4a7d-b5ef-fc6007c515f0,semitic.solar,available,64.99,64.99,medium,low,7,namesilo,,,10/09/2026 03:32
659d65b2-2461-4846-93af-d2836b2b240f,habilitate.solar,available,67.98,81.98,medium,low,10,namecheap,,,19/09/2026 20:06
80c9c031-cb96-4bd0-9742-e0f2fd88e76f,operating.solar,available,64.99,64.99,high,low,9,namesilo,,,04/09/2026 16:26
e2bd737f-a14c-4df4-8aa5-468f8647aa84,variety.solar,available,64.99,64.99,high,low,7,namesilo,,,25/09/2026 12:52
380e5dca-9a68-4182-9bbf-4baa1f2e0044,sheridan.solar,available,67.98,81.98,high,low,8,namecheap,,,25/09/2026 10:21
d4aff367-4559-4f60-8b05-937e0a44552d,cypriote.solar,available,9.99,83.99,medium,low,8,name.com,,,13/08/2026 14:05
55c8cb28-db11-49b4-bce9-a14a9ebd9587,loud.solar,available,67.98,81.98,high,low,4,namecheap,,,24/09/2026 19:25
343cae6f-17c6-4e69-a9e0-6ad66acadb78,endogamic.solar,available,9.99,83.99,medium,low,9,name.com,,,17/08/2026 01:11
5862c917-9c38-4f7b-927f-4f0bab864cb2,aspirer.solar,available,9.99,83.99,medium,low,7,name.com,,,07/08/2026 05:12
9f6d6ce5-4777-45ff-b542-184975ff0a08,inspection.solar,available,64.99,64.99,high,low,10,namesilo,,,25/09/2026 12:32
4823fe2f-0664-4edb-a17f-284f5915662d,peiping.solar,available,64.99,64.99,medium,low,7,namesilo,,,23/09/2026 04:16
5b25e806-2ec8-4de7-9dd5-577c57d5e133,loony.solar,available,9.99,83.99,high,low,5,name.com,,,06/08/2026 21:17
f743cc1c-6b09-4dbb-ba60-af212aff1a76,hoarfrost.solar,available,9.99,83.99,medium,low,9,name.com,,,21/08/2026 10:07
b4b88544-4472-40af-a38b-0537810e3b02,singly.solar,available,64.99,64.99,medium,low,6,namesilo,,,15/09/2026 08:03
894fb077-4c18-4e1e-a014-15b8cf72ba29,humanistic.solar,available,9.99,83.99,high,low,10,name.com,,,21/08/2026 14:53
a3fdcbe3-1ca3-4136-bde5-2c73473cf977,blixen.solar,available,64.99,64.99,medium,low,6,namesilo,,,22/09/2026 07:24
1586a3e0-05c4-42d4-9628-8b354f5ce9dd,grandad.solar,available,9.99,,high,low,7,name.com,,,
e120dbbf-b3f9-4d86-9dbc-fea9b056efcf,threaded.solar,available,64.99,64.99,high,low,8,namesilo,,,11/09/2026 14:12
8f3ddc01-3995-41cf-afe9-a2011020b93f,sleekly.solar,available,64.99,64.99,medium,low,7,namesilo,,,16/09/2026 02:30
7f6b067b-0e0f-450f-8518-54d0759f3315,experimentation.solar,available,64.99,64.99,high,low,15,namesilo,,,25/09/2026 14:37
ead09bea-011d-4433-9972-25a13808f605,houghton.solar,available,64.99,64.99,medium,low,8,namesilo,,,25/09/2026 23:07
d069f1fa-32d0-494a-9267-c512297b524f,deadpan.solar,available,9.99,83.99,medium,low,7,name.com,,,13/08/2026 19:37
087c5e88-42be-4966-8496-9b6b933972fe,aberrant.solar,available,9.99,83.99,high,low,8,name.com,,,
8fafe948-7599-402c-a5fb-67fcea5fc462,hush.solar,available,67.98,81.98,high,low,4,namecheap,,,09/09/2026 08:50
638af68d-8b48-48fa-ae73-8fa8c8836375,bellyful.solar,available,64.99,64.99,high,low,8,namesilo,,,23/09/2026 06:51
40352fd6-b9ad-4be5-9892-d75b1050d09f,divisive.solar,available,9.99,83.99,medium,low,8,name.com,,,14/08/2026 12:32
18db8b37-47f8-449c-85ce-3df492f031c8,unanimous.solar,available,9.99,83.99,high,low,9,name.com,,,12/08/2026 22:33
9f72caf2-c4be-4114-a5f9-b04d10b3bfd6,alcea.solar,available,64.99,64.99,medium,low,5,namesilo,,,18/09/2026 03:52
89ebecaa-9346-4f7d-a293-7e29b52c8eef,meeting.solar,available,9.99,83.99,high,low,7,name.com,,,24/08/2026 20:45
4620511e-73ba-4277-ba29-d5463b5d18b4,missional.solar,available,9.99,83.99,medium,low,9,name.com,,,25/08/2026 01:50
a132afeb-2723-490a-ba5d-a24ef8f19eab,vitrified.solar,available,64.99,64.99,medium,low,9,namesilo,,,13/09/2026 06:20
18f4048a-897c-47e3-a974-4674e1cc66a5,apus.solar,available,64.99,64.99,medium,low,4,namesilo,,,19/09/2026 22:43
4c2d4cfb-9762-4362-ac83-562a9fd48bb8,loser.solar,available,64.99,64.99,medium,low,5,namesilo,,,18/09/2026 14:19
af6e3812-4042-49be-af30-6ef4acf762ab,cyclist.solar,available,64.99,64.99,high,low,7,namesilo,,,23/09/2026 13:21
e4422a70-ef0e-483e-a9d1-403ce1669f37,atlantic.solar,available,9.99,83.99,high,low,8,name.com,,,07/08/2026 13:38
6279e493-9958-4a2d-a661-eca2a1ecb593,columnar.solar,available,9.99,83.99,medium,low,8,name.com,,,12/08/2026 18:14
b9f61b89-c0f1-43a9-b15f-b50afb9d3cc1,pill.solar,available,9.99,,high,low,4,name.com,,,
1f083234-f279-4671-a863-5873aaf8b41c,shouting.solar,available,9.99,83.99,high,low,8,name.com,,,12/08/2026 03:49
13bcf945-fae6-407d-b36a-0a83aa54d282,abele.solar,available,64.99,64.99,medium,low,5,namesilo,,,16/09/2026 15:02
480dc0c9-5656-45b3-b8ad-eb4f1f37dfcc,pimply.solar,available,9.99,83.99,medium,low,6,name.com,,,
776e2898-6054-496c-8535-9ad1729a7a75,suspicions.solar,available,64.99,64.99,low,low,10,namesilo,,,18/09/2026 08:04
e805d9ec-a4c0-4f57-98ee-370bb9343a78,dipper.solar,available,64.99,64.99,high,low,6,namesilo,,,23/09/2026 14:29
72021b77-564f-4dc2-b20f-2bbbbfe79e89,audiotape.solar,available,64.99,64.99,high,low,9,namesilo,,,21/09/2026 03:01
e18cc498-0584-46f6-9c2f-623b6d9f48e6,section.solar,available,64.99,64.99,high,low,7,namesilo,,,08/09/2026 06:07
91910ee5-b085-4de5-960e-686661260a69,tolerate.solar,available,67.98,81.98,high,low,8,namecheap,,,24/09/2026 10:45
15e9e286-2047-4d1c-ba1e-d1adbad16658,starlit.solar,available,9.99,83.99,high,low,7,name.com,,,10/09/2026 18:56
51d411cc-8907-4f60-9f1a-007ef9ddca84,begins.solar,available,67.98,81.98,medium,low,6,namecheap,,,25/09/2026 20:45
71081e60-098a-4bab-a363-99341ae36b3b,abdul.solar,available,67.98,81.98,high,low,5,namecheap,,,27/09/2026 07:21
0cc6b59b-4b6a-48f0-8b9d-a29144d00b5a,russet.solar,available,67.98,81.98,high,low,6,namecheap,,,09/09/2026 20:06
e61c9256-3542-4428-9d5d-03ec586de099,divorced.solar,available,9.99,83.99,medium,low,8,name.com,,,14/08/2026 14:01
cb51e7eb-ca59-42e5-8e7f-3706c1cb8829,aubergine.solar,available,64.99,64.99,high,low,9,namesilo,,,21/09/2026 02:33
55aef9a0-09d2-4edc-95f4-ac9e366add8a,subdue.solar,available,64.99,64.99,high,low,6,namesilo,,,11/09/2026 07:44
c634e254-f9aa-4f12-8e1a-57841d7ffdcc,kroeber.solar,available,64.99,64.99,medium,low,7,namesilo,,,18/09/2026 06:35
756494d9-7ad9-4ac1-804e-99782eb91e50,carrie.solar,available,9.99,,high,low,6,name.com,,,
ac78e30a-98f0-4d1c-b46c-aec12763768e,phone.solar,premium,69.3,138.6,high,low,5,namecheap,,,
cfad1bef-0462-43c0-aa98-ed189ce8f825,covers.solar,available,64.99,64.99,high,low,6,namesilo,,,27/09/2026 09:49
c93002da-414e-4c79-8655-04a360b33bad,syncarpous.solar,available,64.99,64.99,medium,low,10,namesilo,,,11/09/2026 06:11
abe180b4-2226-460c-950f-ec09a10bdc10,lenify.solar,available,9.99,83.99,medium,low,6,name.com,,,18/08/2026 22:02
a9a4db2e-ac94-4bbf-884d-7bb22212ad81,clive.solar,available,64.99,64.99,high,low,5,namesilo,,,22/09/2026 07:05
534c349a-6c4b-42fa-8f56-845fe5f01d53,knower.solar,available,64.99,64.99,medium,low,6,namesilo,,,19/09/2026 22:14
bf25837d-73e2-4a00-b79d-31c76f155a5c,disgrace.solar,available,9.99,,high,low,8,name.com,,,
22838cf5-5a8b-42dd-8f5b-001c28dd708a,dried.solar,available,9.99,83.99,high,low,5,name.com,,,14/08/2026 18:59
367bf0f6-ca7d-4430-98e8-72bcd887b472,abkhaz.solar,available,9.99,83.99,high,low,6,name.com,,,
1976b48f-e046-49eb-be05-a022a3472e7b,baal.solar,available,64.99,64.99,high,low,4,namesilo,,,21/09/2026 12:05
f01dbe28-98cb-4aad-b15a-c4041f37c599,bifurcated.solar,available,9.99,83.99,medium,low,10,name.com,,,09/08/2026 20:24
153175ab-58bc-421a-9eb3-ee7d7a3e008b,nowhere.solar,available,9.99,,high,low,7,name.com,,,
82de4e38-ba24-41c9-bff3-2a243b1aca56,frontal.solar,available,9.99,83.99,high,low,7,name.com,,,18/08/2026 16:15
d6f25af2-0c29-4aa6-8d9f-cafb51f71421,damage.solar,available,67.98,81.98,high,low,6,namecheap,,,25/09/2026 04:36
3ab3a1f4-e46f-4f61-b53e-ccfe0792f0dc,wajda.solar,available,64.99,64.99,medium,low,5,namesilo,,,19/09/2026 05:01
0cc97c87-314e-46ee-bf28-0093534e3418,immediate.solar,available,67.98,81.98,high,low,9,namecheap,,,23/09/2026 22:04
72418e3a-0fce-4629-a847-447b73b85853,molding.solar,available,64.99,64.99,high,low,7,namesilo,,,24/09/2026 15:24
0fb67e1d-8a74-4ebe-a8aa-603215499ca0,sundown.solar,available,64.99,64.99,high,low,7,namesilo,,,11/09/2026 02:12
dba0db03-3587-45c2-a663-cce0140745ef,swaps.solar,available,64.99,64.99,medium,low,5,namesilo,,,18/09/2026 22:39
9a456eea-e3ea-454b-8567-f3a1315c1d79,entangled.solar,available,9.99,83.99,medium,low,9,name.com,,,16/08/2026 13:26
68cf9a34-aaa5-4611-b095-ec83f2b88d46,chat.solar,premium,512,512,high,medium,4,namesilo,,,24/09/2026 13:53
9e9554ec-5123-46a3-b04e-cb1f3d6cf048,lucas.solar,available,64.99,64.99,high,medium,5,namesilo,,,25/09/2026 06:28
02f12d99-c4cf-4518-aa8a-5d0cdf874d93,nimitz.solar,available,64.99,64.99,medium,low,6,namesilo,,,17/09/2026 08:52
1fd11cd7-4bb7-4bbd-a398-ccee314ddb16,guadalupe.solar,available,64.99,64.99,medium,low,9,namesilo,,,25/09/2026 15:36
df7c1fa2-27da-43d2-99d2-6dd51a077f7e,agelong.solar,available,9.99,83.99,medium,low,7,name.com,,,
80e5f18a-45a5-4b7e-9ffb-bdc830c565df,litigate.solar,available,64.99,64.99,medium,low,8,namesilo,,,17/09/2026 05:06
90bbf20d-99c2-4be9-88fd-d2857a70f342,piercing.solar,available,9.99,83.99,high,low,8,name.com,,,22/08/2026 01:25
93e2d3c2-9ec1-4a65-bebd-c631f5aa015f,thankful.solar,available,67.98,81.98,high,low,8,namecheap,,,24/09/2026 22:54
875368de-6f23-48d1-ad21-abea5816f449,firmament.solar,available,9.99,83.99,high,low,9,name.com,,,16/08/2026 20:58
a2d79be4-b912-4769-86b7-abfd6b1d949b,athene.solar,available,67.98,81.98,high,low,6,namecheap,,,20/09/2026 20:37
225c0817-5e3c-4751-8652-eed060f39f2c,antiserum.solar,available,64.99,64.99,medium,low,9,namesilo,,,19/09/2026 15:05
847bd30b-dfae-47b2-8753-e8617799b04a,order.solar,premium,118.8,118.8,high,medium,5,namesilo,,,23/09/2026 20:44
236279b2-d6a8-495f-83ad-4006003c29da,germfree.solar,available,9.99,83.99,high,low,8,name.com,,,18/08/2026 22:48
fe5f3245-2600-4dd7-ae50-9c1aee6721e7,neapolitan.solar,available,64.99,64.99,medium,low,10,namesilo,,,03/09/2026 14:18
6631fceb-8578-43bf-b0de-7af79e29188d,closet.solar,available,64.99,64.99,high,low,6,namesilo,,,24/09/2026 15:59
88aa47dc-c8c1-4dca-9640-53a3cdf04792,seeds.solar,available,9.99,,high,low,5,name.com,,,
b1d9d503-eefd-4c5a-9f7a-c095971e878b,agree.solar,available,9.99,,high,low,5,name.com,,,
4a8c0d05-abc2-4516-8e17-60a26b23cb69,adscript.solar,available,9.99,83.99,medium,low,8,name.com,,,
4ddb1e30-f198-4d59-8a62-70b2873e3516,dominos.solar,available,64.99,64.99,high,low,7,namesilo,,,24/09/2026 23:28
17588db1-e43e-4625-af10-47e63fd3117f,skipjack.solar,available,67.98,81.98,medium,low,8,namecheap,,,20/09/2026 21:35
79a2c1b1-65fe-4ff3-b88e-6521d1914230,prettier.solar,available,64.99,64.99,medium,low,8,namesilo,,,18/09/2026 11:09
a7122d49-8c05-4b94-b713-d609358a14db,rarefied.solar,available,9.99,83.99,medium,low,8,name.com,,,17/08/2026 15:44
3a64d7fa-9a7e-4a21-bee7-c76130c25950,forgiving.solar,available,67.98,81.98,high,low,9,namecheap,,,21/09/2026 14:52
1243b404-c2ff-4171-a93a-a44052e9dde5,meth.solar,available,64.99,64.99,high,low,4,namesilo,,,24/09/2026 21:56
6a5bc620-7cd8-42af-a56a-22c7a3b50fbc,hairless.solar,available,9.99,83.99,high,low,8,name.com,,,20/08/2026 22:13
7630d7be-a203-4622-be51-ca3b4721db1a,creation.solar,available,67.98,81.98,high,low,8,namecheap,,,25/09/2026 03:23
7e612ca7-2f14-496a-b0a3-f3b084cb92f7,lhasa.solar,available,67.98,81.98,high,low,5,namecheap,,,24/09/2026 12:27
6670261d-44e2-42e1-8936-ba97f5973029,anti.solar,available,,,high,low,4,,,,
effb6694-d8ee-4544-93c4-a70a017b243d,obdurate.solar,available,9.99,83.99,medium,low,8,name.com,,,13/08/2026 12:15
11299bb3-9e58-4ae4-9c09-fe1395161798,investment.solar,resell,,,high,low,10,Dynadot Inc,08/09/2026 17:00,08/09/2027 17:00,27/09/2026 01:52
3afa3d57-57a8-46c0-bfe8-74d878cc4b6e,asymmetry.solar,available,67.98,81.98,high,low,9,namecheap,,,20/09/2026 18:39
572e03fe-58e0-4fd6-aa69-80ded01d2dc0,delay.solar,available,9.99,,high,low,5,name.com,,,
fda82506-4896-4b1a-8fbe-29453b45b2f8,glum.solar,available,9.99,83.99,medium,low,4,name.com,,,20/08/2026 14:57
82fbba82-6e08-4c9e-8eb6-46adbc3daa16,crumbly.solar,available,9.99,83.99,medium,low,7,name.com,,,13/08/2026 09:02
2a190392-b3ba-45f6-9c25-005b81ee87cf,will.solar,available,9.99,,high,medium,4,name.com,,,
51647693-adec-4928-98fe-cfbb4d7ca75c,bandeau.solar,available,64.99,64.99,medium,low,7,namesilo,,,22/09/2026 01:04
157dcc4d-2163-4c72-84db-f55fa5dfe71c,gospel.solar,available,64.99,64.99,high,low,6,namesilo,,,24/09/2026 14:58
8859fa0b-d268-44af-a988-34bcea7f563f,colourise.solar,available,9.99,83.99,medium,low,9,name.com,,,12/08/2026 17:38
07b8e5bc-e7de-484b-a850-b0917072c0ca,abstinence.solar,available,67.98,81.98,high,low,10,namecheap,,,16/09/2026 18:24
345a39e1-4e62-40ad-a3d2-1c257616f469,perfectly.solar,available,9.99,,high,low,9,name.com,,,
404e08db-5da9-4d23-8666-251192284c2c,delegation.solar,available,67.98,81.98,high,low,10,namecheap,,,24/09/2026 21:32
b00937f8-7b87-4d5f-b3e4-4207094082c3,icons.solar,available,9.99,,high,low,5,name.com,,,
2eda59f2-293c-427e-9d51-2acdd40ee0a6,plates.solar,available,64.99,64.99,medium,low,6,namesilo,,,27/09/2026 02:22
7a25237f-214f-44d3-a463-68cd88e902aa,strained.solar,available,67.98,81.98,high,low,8,namecheap,,,23/09/2026 21:17
f4d2dafa-cac5-43dc-9b9a-d9cb5ab3cf8d,kochia.solar,available,67.98,81.98,medium,low,6,namecheap,,,22/09/2026 12:18
b32d47e3-cee3-400e-b753-7040905ad69a,actuator.solar,available,64.99,64.99,medium,low,8,namesilo,,,17/09/2026 05:24
bb5a229d-c9ae-4372-a25c-0b42a0cb85ad,traveller.solar,available,9.99,,high,low,9,name.com,,,
ec805d13-9644-4dd4-8dc7-35ac0dcec0c3,obsequious.solar,available,9.99,83.99,medium,low,10,name.com,,,10/08/2026 19:44
ca4461db-312a-4070-9a61-a38b2c3d2755,suitable.solar,available,9.99,,high,low,8,name.com,,,
c3dfa030-c6a1-4bd0-9689-9641eea89b10,wafers.solar,available,64.99,64.99,medium,low,6,namesilo,,,20/09/2026 21:54
233fce67-19b7-45ea-9a6a-2b358f9736f0,eagerly.solar,available,64.99,64.99,high,low,7,namesilo,,,14/09/2026 14:54
3158dda8-a9c6-4123-83ea-f5532fedf63d,arguing.solar,available,64.99,64.99,high,low,7,namesilo,,,20/09/2026 04:50
e213396a-226d-4ff1-88b7-198d46563429,afar.solar,available,64.99,64.99,medium,low,4,namesilo,,,13/09/2026 17:46
4830fcbf-7e39-4a41-8bdd-097630c5a7f9,decadent.solar,available,9.99,83.99,high,low,8,name.com,,,13/08/2026 20:50
dc52639b-3300-459c-a32d-5cc2b0264a17,batter.solar,available,64.99,64.99,high,low,6,namesilo,,,22/09/2026 14:16
d5dd0204-a74b-4835-9e2a-48f68be403e8,inquisitive.solar,available,9.99,,high,low,11,name.com,,,
9b45b580-5723-4264-aac9-6f963a178294,forced.solar,available,67.98,81.98,high,low,6,namecheap,,,23/09/2026 21:10
d70f1d6a-7248-454f-a2b1-18d45916a1dc,conjugal.solar,available,9.99,83.99,medium,low,8,name.com,,,12/08/2026 22:07
aff564d6-91f3-4342-8c05-ab968e7c88e1,bean.solar,available,9.99,,high,low,4,name.com,,,
64388e27-4e6e-402d-afc0-a8c0ba1573d1,concurrent.solar,available,9.99,83.99,high,low,10,name.com,,,12/08/2026 13:22
d2c57eb2-b432-4149-ab5c-db8d93e87536,scathing.solar,available,64.99,64.99,medium,low,8,namesilo,,,09/09/2026 22:57
654ba737-9af4-45da-9e3c-23b7f811b2d4,bethe.solar,available,64.99,64.99,high,low,5,namesilo,,,23/09/2026 11:12
03b8f5d9-43d4-4994-adec-bb6e007406c0,doings.solar,available,64.99,64.99,high,low,6,namesilo,,,23/09/2026 03:17
2002b8af-08fa-49c3-b7f2-a4646560515b,appetizer.solar,available,64.99,64.99,high,low,9,namesilo,,,19/09/2026 20:45
084b0ed8-ffad-4cd7-8633-6f5b6bee79ac,somewhat.solar,available,67.98,81.98,high,low,8,namecheap,,,25/09/2026 12:06
618b2453-f33b-4282-b751-fffe8a1f8455,abohm.solar,available,64.99,64.99,medium,low,5,namesilo,,,16/09/2026 16:26
265d27a4-9a3c-4c13-be51-de7f9b4aa4a3,howso.solar,available,9.99,,medium,low,6,name.com,,,
06eb8798-edd1-47f8-a0b1-58babb25e489,undesirable.solar,available,9.99,,high,low,11,name.com,,,
66db3c01-9edf-465b-a397-8098d81217e0,appeal.solar,available,9.99,,high,low,6,name.com,,,
597f01f0-6be5-4aee-a188-f867ecea7db7,universe.solar,available,64.99,64.99,high,low,8,namesilo,,,27/09/2026 06:58
8841be78-e644-4df2-8f12-a173efeed199,clorox.solar,available,64.99,64.99,high,low,6,namesilo,,,24/09/2026 15:53
cbd08274-8e98-4ed9-8b8c-a22e84572a6e,appanage.solar,available,64.99,64.99,medium,low,8,namesilo,,,19/09/2026 16:11
ef37f470-9170-41de-afbf-1f8a4706aab4,purposely.solar,available,64.99,64.99,high,low,9,namesilo,,,13/09/2026 17:36
077e7e98-3171-4b92-bea9-551396e8c69a,cognisant.solar,available,9.99,83.99,medium,low,9,name.com,,,08/08/2026 00:18
4d866719-ca59-4d5e-9924-e43cf614c144,ill.solar,available,64.99,64.99,high,low,3,namesilo,,,25/09/2026 07:33
b06c03cd-ee50-4c0d-a004-f3997d740274,internally.solar,available,64.99,64.99,medium,low,10,namesilo,,,15/09/2026 09:01
5b3d177b-6804-44d2-bfa9-649880d5a5db,inward.solar,available,9.99,83.99,high,low,6,name.com,,,21/08/2026 23:34
59ad8b92-1da8-449e-8db1-489370d33938,totally.solar,available,64.99,64.99,high,low,7,namesilo,,,22/09/2026 00:22
8d4373b0-8f23-4727-99ac-fa35425a0567,humour.solar,available,67.98,81.98,high,low,6,namecheap,,,24/09/2026 06:31
3c44b72f-a191-4799-af37-0772ba103c74,might.solar,available,9.99,,high,low,5,name.com,,,
89ea8728-8348-4ce6-9afe-7621f3d57a3f,curse.solar,available,64.99,64.99,high,low,5,namesilo,,,24/09/2026 04:27
8375f1c9-662c-4ed1-a8a6-8436608014c0,polygon.solar,available,9.99,,high,low,7,name.com,,,
b5be24c3-f324-426c-bcdc-b273c6aaee0d,impairment.solar,available,9.99,83.99,medium,low,10,name.com,,,13/08/2026 19:25
fc7fd8b6-6c3d-4f93-8dce-21e7b39b516e,pester.solar,available,64.99,64.99,medium,low,6,namesilo,,,21/09/2026 17:02
1869c276-5c68-4484-8ae2-e3faf847ce7e,mistreated.solar,available,9.99,83.99,medium,low,10,name.com,,,21/08/2026 19:35
0a456fc1-c1ba-425a-87d8-d7ed0a118d92,het.solar,available,9.99,83.99,medium,low,3,name.com,,,21/08/2026 02:20
48cf98e8-a804-4bfa-944a-88224cf1df0c,gutsy.solar,available,9.99,83.99,high,low,5,name.com,,,20/08/2026 21:14
9279800e-1835-4236-8cfb-5fdb1cc667b1,aflcio.solar,available,64.99,64.99,medium,low,7,namesilo,,,17/09/2026 15:05
48dc7071-7a08-4775-953c-feba4634214d,rapt.solar,available,9.99,83.99,high,low,4,name.com,,,14/08/2026 23:50
5c19de4f-16d0-45ce-a3f7-84a2e5b43761,foldaway.solar,available,9.99,83.99,high,low,8,name.com,,,18/08/2026 10:07
055f45fb-a575-4614-80eb-214329e05e69,obtrusive.solar,available,64.99,64.99,medium,low,9,namesilo,,,04/09/2026 00:07
d35efb03-8974-4089-a74a-3dbdf1d9e217,cooking.solar,available,64.99,64.99,high,low,7,namesilo,,,08/09/2026 08:19
1e6d4dfe-1082-488d-918b-c1b29fa637f0,comfy.solar,available,64.99,64.99,high,low,5,namesilo,,,23/09/2026 15:10
108653f3-6b96-4484-a957-b079d7b942e6,evident.solar,available,9.99,83.99,high,low,7,name.com,,,06/08/2026 05:13
8e688342-50a2-489d-8998-77dce3f454a0,beatles.solar,available,67.98,81.98,high,low,7,namecheap,,,22/09/2026 21:43
be85230b-9441-48dd-a55e-4080251797bb,berkelium.solar,available,64.99,64.99,medium,low,9,namesilo,,,21/09/2026 00:14
054679e0-bd49-4b07-9852-6aa766d53189,apse.solar,available,64.99,64.99,high,low,4,namesilo,,,19/09/2026 22:33
8b5283d9-1ecb-48ff-862e-0fb2364213a4,viennese.solar,available,64.99,64.99,high,low,8,namesilo,,,13/09/2026 05:30
d6df2207-86e9-4d55-a3e5-5d14ae7ac7e6,llc.solar,available,64.99,64.99,high,low,3,namesilo,,,25/09/2026 11:14
7f438f4f-5c33-4d31-acdc-1836d773cf81,wryly.solar,available,64.99,64.99,medium,low,5,namesilo,,,16/09/2026 11:46
81b580ca-2c2f-43f6-a4e7-c04f81ea4277,affirmed.solar,available,67.98,81.98,high,low,8,namecheap,,,17/09/2026 14:27
f4f3e3e1-44e6-4421-b111-242e82a6f728,truthful.solar,available,64.99,64.99,high,low,8,namesilo,,,11/09/2026 20:51
085808d3-5259-4bc1-b52a-0cc6ad1c78e1,chin.solar,available,9.99,,high,low,4,name.com,,,
ce52108d-fe26-4de6-a11b-73545a20f4db,relentless.solar,available,9.99,83.99,high,low,10,name.com,,,20/08/2026 20:05
dae98e66-e97b-4aca-853d-628f966bc394,resume.solar,available,64.99,64.99,high,low,6,namesilo,,,24/09/2026 04:16
c3ff07f1-58f3-4508-a0e2-7837be6e2c9e,variegated.solar,available,64.99,64.99,medium,low,10,namesilo,,,13/09/2026 01:18
536b434b-38d1-47ec-9bc1-585cafebcdaa,shucks.solar,available,9.99,83.99,medium,low,6,name.com,,,13/08/2026 16:16
0206d934-31a7-49eb-9903-13abe27b6398,cpu.solar,available,64.99,64.99,high,low,3,namesilo,,,24/09/2026 11:27
e2330615-eb17-4830-8ca8-d297578144d4,quiver.solar,available,67.98,81.98,high,low,6,namecheap,,,11/09/2026 19:13
2d781402-1709-445e-8dd4-8d9f1e5f6837,wiggler.solar,available,64.99,64.99,medium,low,7,namesilo,,,19/09/2026 06:38
6abc3f79-d3f2-4104-8ef1-0898f5f00ee4,shell.solar,available,,,high,medium,5,,,,
f4d44d25-0e9d-4c85-9059-9f9968eb1398,attacked.solar,available,64.99,64.99,medium,low,8,namesilo,,,25/09/2026 20:43
70bda157-aa9c-4562-bdca-8deb0b2a06e6,melodic.solar,available,9.99,83.99,high,low,7,name.com,,,24/08/2026 19:41
4aff5c87-6352-4352-8bfd-67d501e5d869,slapstick.solar,available,64.99,64.99,high,low,9,namesilo,,,10/09/2026 10:03
d75ded22-0ffd-4e7e-aa8c-037568b11844,overseas.solar,available,64.99,64.99,high,medium,8,namesilo,,,21/09/2026 14:34
0aed930b-c4b4-4690-a5ba-b898625f6e52,bce.solar,available,9.99,,high,low,3,name.com,,,
ddb2c568-92b7-4e49-b786-2dabe812e3c9,flake.solar,available,9.99,83.99,medium,low,5,name.com,,,14/08/2026 23:23
6ea7a744-e4ea-42f2-9009-5c44985addff,solidified.solar,available,64.99,64.99,medium,low,10,namesilo,,,10/09/2026 13:41
002d3952-f78b-49cc-a456-9d7c439a48c0,alcohol.solar,available,64.99,64.99,high,low,7,namesilo,,,25/09/2026 10:44
cf433d4a-03cd-43a4-b6b9-031a06e6cc73,acyclovir.solar,available,67.98,81.98,medium,low,9,namecheap,,,17/09/2026 05:41
be9bad6b-a6a7-42c0-9303-dc6196d4cb0f,hooligan.solar,available,9.99,83.99,medium,low,8,name.com,,,11/08/2026 08:39
369a44aa-9afb-43ee-a75d-479058a3896a,dyke.solar,available,9.99,83.99,medium,low,4,name.com,,,11/08/2026 11:35
708424b8-f9a4-4f75-9deb-4350248fe173,beet.solar,available,64.99,64.99,high,low,4,namesilo,,,23/09/2026 01:49
fd6ae42e-fb5b-4c37-9407-4e330b821b3c,devout.solar,available,9.99,83.99,high,low,6,name.com,,,14/08/2026 05:17
11dd51a1-0c25-4ece-ad8b-b335ac6e50f9,jawed.solar,available,9.99,83.99,medium,low,5,name.com,,,22/08/2026 12:32
023429e1-faea-45b6-a7f5-4d94f8886568,buttony.solar,available,9.99,83.99,medium,low,7,name.com,,,09/08/2026 03:34
d7b0aaab-f202-415a-b33e-4a51ae4aa040,clench.solar,available,67.98,81.98,medium,low,6,namecheap,,,24/09/2026 15:33
12285e78-d489-4b4a-923c-7b08015a6f6f,inconsistent.solar,available,9.99,,medium,low,12,name.com,,,
80f5fa88-a248-408f-9001-8f327deeefea,satiate.solar,available,64.99,64.99,high,low,7,namesilo,,,09/09/2026 14:28
5047c5bf-ec15-4c45-b1f3-a262dc377080,outbred.solar,available,67.98,81.98,medium,low,7,namecheap,,,04/09/2026 19:03
d5283090-924b-476d-bc71-725ccfc54281,biogeny.solar,available,67.98,81.98,medium,low,7,namecheap,,,23/09/2026 18:05
aa5627f5-8bcb-4c54-94ac-536eae9c30b8,darlington.solar,available,64.99,64.99,high,low,10,namesilo,,,27/09/2026 06:24
891dc478-bc70-4c5c-a012-91ffb6134a34,biplane.solar,available,67.98,81.98,high,low,7,namecheap,,,23/09/2026 19:18
871baaa2-0f9c-46b3-a5c7-4407ef34c6ef,became.solar,available,9.99,,medium,low,6,name.com,,,
f5a31d89-f501-449d-bfd8-86e813889431,actuality.solar,available,64.99,64.99,high,low,9,namesilo,,,17/09/2026 05:19
a4fdd186-f7af-4b81-b642-4e47e0b1c1f3,alcalde.solar,available,64.99,64.99,medium,low,7,namesilo,,,18/09/2026 03:47
32d2fdb9-f7d0-48f9-879b-27d86d07b911,likes.solar,available,9.99,,high,low,5,name.com,,,
2bea7372-2ce2-4a54-9e71-20c7df673d17,aided.solar,available,9.99,83.99,high,low,5,name.com,,,19/09/2026 12:43
f23b0ddf-cc88-4c1b-ba1c-61a7407b5f05,residuum.solar,available,64.99,64.99,high,low,8,namesilo,,,09/09/2026 15:07
5e807584-a010-4b18-8e76-22d27484b382,scurrilous.solar,available,9.99,83.99,medium,low,10,name.com,,,
d582517f-da15-432b-872d-57d7e9383a43,sulfurized.solar,available,9.99,83.99,medium,low,10,name.com,,,11/09/2026 01:25
1b61754a-c1bd-4836-8ebf-e49beef45f24,washington.solar,resell,,,high,low,10,"Spaceship, Inc.",09/04/2014 22:11,09/04/2027 22:11,26/09/2026 10:04
b8b3eb3c-856c-4d40-9f11-ebf66faf3d81,seized.solar,available,9.99,,medium,low,6,name.com,,,
020c4c74-8d30-45bd-b6e2-8dba6f7769c8,inventive.solar,available,9.99,83.99,high,low,9,name.com,,,21/08/2026 20:18
e9d7323f-b4df-4f69-bd82-29905136ca26,licenced.solar,available,64.99,64.99,medium,low,8,namesilo,,,21/09/2026 15:56
ba0a0bff-a884-4d1e-b893-db9f46aa421f,femoral.solar,available,9.99,83.99,medium,low,7,name.com,,,18/08/2026 01:05
52beb18f-e012-49e8-bad4-5ab9f2eb57cc,cellar.solar,available,64.99,64.99,high,low,6,namesilo,,,22/09/2026 10:16
895e46d7-fc8a-448f-acaf-cf462d2ca9a3,decolour.solar,available,64.99,64.99,medium,low,8,namesilo,,,24/09/2026 05:11
f6b4b7ad-5641-43c4-9128-2ddc9feede50,acreage.solar,available,67.98,81.98,high,low,7,namecheap,,,17/09/2026 02:51
c47dc884-970d-4c51-b60a-0e8e79fc440a,projectile.solar,available,64.99,64.99,high,low,10,namesilo,,,09/09/2026 02:59
8ec33118-2cf0-4562-b7a1-42f4b31fcf6e,pity.solar,available,64.99,64.99,high,low,4,namesilo,,,23/09/2026 16:56
9c320251-a2a7-49e4-9bda-d5b3f82e1ca0,multicolor.solar,available,64.99,64.99,high,low,10,namesilo,,,03/09/2026 10:35
8a50ecbb-8dfa-42d0-a321-31b0b0bf1b22,compeer.solar,available,9.99,83.99,medium,low,7,name.com,,,17/08/2026 11:35
42482a19-66d3-4ce0-b611-667fd1895127,ingrowing.solar,available,9.99,83.99,medium,low,9,name.com,,,22/08/2026 04:54
8989e2df-1f3f-4cf6-bd18-46ef59e9b8cf,odium.solar,available,64.99,64.99,medium,low,5,namesilo,,,16/09/2026 15:27
e536788f-9715-4499-ae00-5654c294ee6a,upstairs.solar,available,9.99,,high,low,8,name.com,,,
fe85220c-8df0-4909-ab04-44a2dbb2374f,peruvian.solar,available,67.98,81.98,high,low,8,namecheap,,,08/09/2026 18:07
db93c7cc-9224-47ed-9333-11a3c3174a82,dismissal.solar,available,9.99,,high,low,9,name.com,,,
1a25243c-d08c-48c1-9a6b-9dc33233a830,foot.solar,available,9.99,,high,low,4,name.com,,,
18240850-43f6-4fe6-ab5d-d0859c5fb668,weismann.solar,available,64.99,64.99,medium,low,8,namesilo,,,21/09/2026 03:48
994273e1-1293-4913-9e37-d02db82f78bb,deadline.solar,available,9.99,,high,low,8,name.com,,,
e769284c-f2f3-4bc5-898c-81438effb7ad,ferial.solar,available,9.99,83.99,medium,low,6,name.com,,,18/08/2026 01:56
59ae6ff5-ef67-4eff-863f-1c610ca33392,preferred.solar,available,9.99,83.99,high,low,9,name.com,,,09/08/2026 17:53
ea4ba93b-6900-4a92-a1ee-3e7a456edde6,arabis.solar,available,64.99,64.99,medium,low,6,namesilo,,,19/09/2026 23:33
3e43c3b1-135e-481d-9521-8df85eebb3aa,combustive.solar,available,9.99,83.99,medium,low,10,name.com,,,12/08/2026 18:42
0ec0b451-b9d5-4e4f-9a4e-5668c79fc248,hobble.solar,available,9.99,83.99,medium,low,6,name.com,,,23/08/2026 13:26
a0effcf3-ef6d-4b13-8007-e5679d51db77,tribute.solar,available,9.99,,high,low,7,name.com,,,
4f46c051-e465-4ddb-8a0e-a8d7a20b3eee,xlvi.solar,available,9.99,83.99,medium,low,4,name.com,,,
42fbd50d-2d11-42a7-86a1-e4823adc2252,devil.solar,available,64.99,64.99,high,low,5,namesilo,,,23/09/2026 01:20
3f02e400-2932-4489-9e15-9aa7eb4fd85a,arequipa.solar,available,64.99,64.99,medium,low,8,namesilo,,,20/09/2026 03:53
97e82fd5-dff7-4882-bf28-4a0f44f1bf64,undivided.solar,available,64.99,64.99,high,low,9,namesilo,,,12/09/2026 08:11
31f0945a-0716-4704-881e-a5cf94d861b8,cdc.solar,available,64.99,64.99,high,low,3,namesilo,,,25/09/2026 22:11
440eb825-40ba-42b0-8c56-4d61681d7518,centroidal.solar,available,9.99,83.99,medium,low,10,name.com,,,12/08/2026 00:18
3b844a90-ba3a-410a-8c33-4788d4e1ee9e,blackwash.solar,available,67.98,81.98,medium,low,9,namecheap,,,20/09/2026 15:47
7031fc9c-709a-44be-af93-c62b2face45a,resect.solar,available,9.99,83.99,medium,low,6,name.com,,,17/08/2026 15:12
6d1ac69c-6897-45df-8d2c-4f69e770bb5e,araneae.solar,available,64.99,64.99,medium,low,7,namesilo,,,20/09/2026 00:06
ebc82d10-ce4d-42e9-b8d9-1ed9fe675462,woodbine.solar,available,67.98,81.98,medium,low,8,namecheap,,,18/09/2026 20:11
57453103-b82f-45d0-b61b-75fb713b0a25,dumbfound.solar,available,64.99,64.99,medium,low,9,namesilo,,,21/09/2026 17:37
61e6c53b-c547-4eea-ae2b-6b7cc54edaf2,haywood.solar,available,67.98,81.98,high,low,7,namecheap,,,23/09/2026 14:07
fcae30ce-1108-47ad-81dc-13be38f0aadd,goofy.solar,available,9.99,83.99,high,low,5,name.com,,,12/08/2026 14:50
a58c15b9-b289-4e18-bb0e-53619857a6d5,robertson.solar,available,64.99,64.99,high,low,9,namesilo,,,25/09/2026 09:45
4a631869-a6f8-4e5e-9fc4-481e35f2a94a,decidedly.solar,available,64.99,64.99,medium,low,9,namesilo,,,14/09/2026 02:04
47627ff0-1490-4326-ab0d-1fae9cd19a2b,caustic.solar,available,9.99,83.99,medium,low,7,name.com,,,
1e76a749-20fb-4470-84f0-8a4e6630d331,owns.solar,available,67.98,81.98,medium,low,4,namecheap,,,18/09/2026 16:37
be90d162-07a5-47c8-acce-eaeda82a90b0,stuff.solar,available,67.98,81.98,high,low,5,namecheap,,,25/09/2026 17:52
543f9652-6ec7-4cc2-9258-8d6266628f4a,sequence.solar,available,67.98,81.98,high,low,8,namecheap,,,24/09/2026 14:56
674b3a59-43b4-4d92-8526-2803cdfb7780,cleric.solar,available,9.99,83.99,high,low,6,name.com,,,14/08/2026 23:27
d64fc424-4a06-4913-bddb-492bfbe5b2c1,ambergris.solar,available,64.99,64.99,medium,low,9,namesilo,,,18/09/2026 16:37
dbd30d08-c428-4cd5-8f69-c5c1cf4b1452,appalachia.solar,available,67.98,81.98,medium,low,10,namecheap,,,19/09/2026 19:44
3a092d2b-f779-4c62-b8d8-31cecca52f53,embryonic.solar,available,9.99,83.99,medium,low,9,name.com,,,16/08/2026 13:28
dc14e939-c6a3-405e-92d3-8a65ecfc084b,drag.solar,available,64.99,64.99,high,low,4,namesilo,,,25/09/2026 22:05
e2b72b89-51fa-42d4-a905-e39455638618,chivalrous.solar,available,9.99,83.99,high,low,10,name.com,,,12/08/2026 06:14
c51556f4-e2a6-4b84-b3c7-3cfa86d825a7,apache.solar,available,67.98,81.98,high,low,6,namecheap,,,19/09/2026 16:09
c7ab06e2-1fa9-4d85-b0c1-c05a1e638e1f,overflow.solar,available,9.99,,high,low,8,name.com,,,
3fbb93bc-cd6c-4722-b6a8-2d457721c0d7,stylized.solar,available,64.99,64.99,high,low,8,namesilo,,,08/09/2026 05:30
2f95f194-f63e-47c7-aca0-92050159aff4,curiosity.solar,available,9.99,,high,low,9,name.com,,,
4fe098d8-6e86-4150-96a1-dfe31f72a8a5,possession.solar,available,9.99,,high,low,10,name.com,,,
d75e45b9-3baf-47ee-b22b-3c28bc88072b,salt.solar,available,9.99,,high,low,4,name.com,,,
b95aff02-005d-4268-ac96-bc53e140f279,antagonist.solar,available,64.99,64.99,high,low,10,namesilo,,,17/09/2026 10:48
17528ef0-b2e0-4897-b9d1-5b0a4baf569c,servile.solar,available,64.99,64.99,medium,low,7,namesilo,,,10/09/2026 04:55
4f658fdf-ed39-44a5-a151-74675ce49a54,negligible.solar,available,64.99,64.99,medium,low,10,namesilo,,,03/09/2026 15:08
c5c71f4b-598e-4779-b455-af13fc51a208,mosquito.solar,available,9.99,,medium,low,8,name.com,,,
64278526-2ae7-44e7-b999-598163d4877d,abadan.solar,available,64.99,64.99,medium,low,6,namesilo,,,16/09/2026 13:48
abb2e064-8539-46f1-8e1a-72367bf4dcb4,verbalize.solar,available,64.99,64.99,high,low,9,namesilo,,,13/09/2026 00:14
2c76c7fe-9d8d-4dc1-bc26-5861708e13f6,hidden.solar,available,67.98,81.98,high,low,6,namecheap,,,23/09/2026 18:38
6266fb1c-42c4-4d97-b26f-8f8f203b5091,syntactic.solar,available,64.99,64.99,high,low,9,namesilo,,,11/09/2026 06:39
8ada9480-a087-463c-9c33-2de08381bd78,limo.solar,available,9.99,,high,low,4,name.com,,,
78e9cc75-a30e-4634-a5cd-b855bceac61b,portholes.solar,available,64.99,64.99,low,low,9,namesilo,,,19/09/2026 21:54
c1e358e4-b916-40e4-aa3d-ba0212e32727,grumble.solar,available,9.99,83.99,high,low,7,name.com,,,20/08/2026 20:38
ce3c4bc5-7307-47c8-8b96-e4f6b3e122d9,hoary.solar,available,9.99,83.99,medium,low,5,name.com,,,20/08/2026 19:20
f036f030-78a7-4c6f-aaf1-072cce6dbed0,unshaped.solar,available,67.98,81.98,medium,low,8,namecheap,,,12/09/2026 19:31
bc0d36f2-8cca-49a7-9a30-5d9373d51ba7,ananias.solar,available,64.99,64.99,medium,low,7,namesilo,,,19/09/2026 02:03
22a9698b-4a22-491e-83e8-bdedc39f5de3,starved.solar,available,9.99,83.99,high,low,7,name.com,,,17/08/2026 13:45
2612d654-d3ee-4e13-a012-19100f3a41cd,jussieu.solar,available,64.99,64.99,medium,low,7,namesilo,,,19/09/2026 15:24
1920ebfa-f9e2-4b5e-9e22-de7769403aa9,biosafety.solar,available,67.98,81.98,high,low,9,namecheap,,,23/09/2026 18:56
e06afa88-4613-4299-9c46-d18bfe6afb52,airbrake.solar,available,64.99,64.99,medium,low,8,namesilo,,,17/09/2026 22:58
ce958f00-3821-4628-9f20-686829563a06,transmission.solar,available,64.99,64.99,high,low,12,namesilo,,,27/09/2026 08:37
ccf06c80-9d9a-4cf1-92cb-bf57459ee4e4,lucrative.solar,available,64.99,64.99,high,low,9,namesilo,,,25/09/2026 15:34
a6902393-fcc8-42f9-9880-b10abe8e2a4f,ted.solar,available,9.99,,high,low,3,name.com,,,
b2193642-b326-47dd-a1c4-02a2bf404079,causing.solar,available,64.99,64.99,high,low,7,namesilo,,,24/09/2026 13:13
06308ceb-a0ac-4946-b589-dd2d72c92252,clogging.solar,available,9.99,83.99,medium,low,8,name.com,,,12/08/2026 11:41
de64d176-083a-40b9-97e5-7678349ce974,consumable.solar,available,9.99,83.99,high,low,10,name.com,,,12/08/2026 23:04
ec4710d2-2dd6-4ae4-abbc-89e35624abc7,chairwoman.solar,available,9.99,,high,low,10,name.com,,,
6d886161-7009-4ef8-be59-6b90eeafbff4,standon.solar,available,9.99,,medium,low,8,name.com,,,
570e6b23-c5a5-42d1-9daa-4a1e2c06aadf,bizet.solar,available,64.99,64.99,medium,low,5,namesilo,,,23/09/2026 23:23
8c022937-3b93-4085-946d-8d2f708475bb,troubling.solar,available,9.99,83.99,medium,low,9,name.com,,,14/08/2026 13:19
0b1dc94c-ed5b-4fe0-ad99-4c1d3894b633,sublunar.solar,available,9.99,83.99,medium,low,8,name.com,,,12/08/2026 08:27
8a3e5321-9ca2-4824-a6ca-14c518a0b61b,pliant.solar,available,9.99,83.99,medium,low,6,name.com,,,09/08/2026 14:11
60954e20-be30-4b9c-93e6-61b370694617,steroids.solar,available,67.98,81.98,medium,low,8,namecheap,,,19/09/2026 19:38
0b6cd8f6-1765-433a-a17b-19e4a0bdbb29,berk.solar,available,64.99,64.99,medium,low,4,namesilo,,,23/09/2026 09:31
0178ec42-7571-47ff-9981-98db7403f39b,calced.solar,available,9.99,83.99,medium,low,6,name.com,,,11/08/2026 13:41
f513e4cd-2fcc-4960-ace9-2aeaaa81bd6c,appearing.solar,available,67.98,81.98,high,low,9,namecheap,,,19/09/2026 20:25
26c3c9bd-2a2b-47f6-800d-76b4969b0f95,prophetic.solar,available,9.99,83.99,high,low,9,name.com,,,09/09/2026 03:36
362b9b3e-2bf8-447d-b375-48911d1306f9,dedication.solar,available,67.98,81.98,high,low,10,namecheap,,,18/09/2026 10:32
9d328881-5d97-4440-b4dd-c94eefe43eaa,berzelius.solar,available,64.99,64.99,medium,low,9,namesilo,,,23/09/2026 10:24
4be3bb52-f1a6-4f53-8b47-02247c33f1ef,arulo.solar,available,64.99,64.99,medium,low,5,namesilo,,,20/09/2026 12:11
664e3722-7bea-4024-891f-01a3e866d926,plump.solar,available,9.99,83.99,high,low,5,name.com,,,12/08/2026 07:35
61646c5a-378c-4540-b2a7-19bfff7700f9,snatch.solar,available,67.98,81.98,high,low,6,namecheap,,,19/09/2026 14:54
0fe55339-26d0-4e67-91a0-ffb2b87ae550,achromatic.solar,available,9.99,83.99,medium,low,10,name.com,,,
0809dfb2-a6d1-4f80-a8d2-a183ca3c03f1,spillover.solar,available,67.98,81.98,medium,low,10,namecheap,,,16/09/2026 17:36
affdb240-d18a-46c7-a7e6-564d1ca09853,blockade.solar,available,9.99,,high,low,8,name.com,,,
9564e163-44d6-4b66-9b0c-5e1811107a53,colonised.solar,available,9.99,83.99,medium,low,9,name.com,,,12/08/2026 17:25
ab42d492-d91b-4ecb-a01d-0924b3330abd,brim.solar,available,64.99,64.99,high,low,4,namesilo,,,24/09/2026 10:24
7d3a116c-fd83-48dd-b692-a4d9a5960eea,makomako.solar,available,64.99,64.99,medium,low,8,namesilo,,,20/09/2026 05:57
89d8fe62-d12b-4806-a855-26cdb4782ee7,tow.solar,available,9.99,,high,low,3,name.com,,,
feed53ed-a49b-4fdc-806c-7254a10859cc,announces.solar,available,67.98,81.98,medium,low,9,namecheap,,,21/09/2026 01:47
819fc4d4-ae7e-4ee1-9e6a-a4c074b945a5,lobar.solar,available,9.99,83.99,medium,low,5,name.com,,,24/08/2026 08:33
7f8ce672-a525-4219-aada-cbced33318c3,wilted.solar,available,9.99,83.99,medium,low,6,name.com,,,23/08/2026 13:24
ba336462-6ecc-4f9d-85e4-b5438aba66e8,feathery.solar,available,9.99,83.99,high,low,8,name.com,,,18/08/2026 00:18
91dac13c-e79c-4a8f-bc54-1a448498b4e0,algerian.solar,available,9.99,83.99,high,low,8,name.com,,,
a0a51cec-8b7e-44db-a85e-cb68d3083b04,investigation.solar,available,64.99,64.99,high,low,13,namesilo,,,25/09/2026 17:01
4ca4f335-51d6-44bc-bb22-aa806f4ce8ac,charmed.solar,available,9.99,83.99,high,low,7,name.com,,,09/08/2026 09:57
59c0b14d-2e0c-49b0-b7e7-eb28852ae4d9,mid.solar,available,9.99,,high,low,3,name.com,,,
f3ff6f62-aa61-4016-92ab-bebe0ec7f61c,generations.solar,available,9.99,83.99,high,low,11,name.com,,,17/09/2026 19:20
094b3108-9935-495e-bedf-b18edeba3882,jittery.solar,available,9.99,83.99,medium,low,7,name.com,,,15/08/2026 08:41
5b111bdb-5a95-4b39-87d4-2723607e161d,faceless.solar,available,9.99,83.99,high,low,8,name.com,,,17/08/2026 20:22
f45575e8-5b11-4aa7-b910-ed7995dd9fd4,decade.solar,available,67.98,81.98,high,low,6,namecheap,,,21/09/2026 10:56
ef2ae191-20c9-432d-8f83-07e3900b1d8d,bawler.solar,available,64.99,64.99,medium,low,6,namesilo,,,22/09/2026 16:58
6dea8eb5-5be7-400d-bde8-6fd4f58006f2,megalithic.solar,available,9.99,83.99,medium,low,10,name.com,,,24/08/2026 19:24
a852d293-8318-4cba-a00a-74ad546f5e63,proverbs.solar,available,64.99,64.99,high,low,8,namesilo,,,24/09/2026 07:04
8ee13a69-be17-46a0-8b2c-6b11cb25002c,plunk.solar,available,64.99,64.99,medium,low,5,namesilo,,,15/09/2026 20:41
eddfdb40-15f1-495a-be6a-e0e87e50bcd0,specially.solar,available,9.99,,medium,low,9,name.com,,,
7d686073-fa5a-4862-957d-136c37f25f60,unwieldy.solar,available,9.99,83.99,medium,low,8,name.com,,,12/08/2026 13:10
d069d518-1f17-4e87-bc38-096f5d77e947,unisex.solar,available,64.99,64.99,high,low,6,namesilo,,,12/09/2026 13:52
a35ecac0-2d9e-4c94-b85c-802702392350,balustrade.solar,available,64.99,64.99,high,low,10,namesilo,,,22/09/2026 00:29
7b74e721-49e1-4f6a-8278-0c9d042c26a5,apparel.solar,available,9.99,,high,low,7,name.com,,,
21f1717e-eedc-4b1d-9090-897277a69959,hall.solar,available,9.99,,high,low,4,name.com,,,
b74b4638-198b-46a7-8f85-e80b89f08f0b,inbred.solar,available,9.99,83.99,medium,low,6,name.com,,,22/08/2026 00:42
e404f29f-b72d-47c6-bbae-d0a6c5de3282,cantonment.solar,available,9.99,83.99,high,low,10,name.com,,,11/08/2026 15:52
842b8005-c399-4918-aad2-aa589de50430,affluence.solar,available,9.99,,high,low,9,name.com,,,
7887e8e4-ce63-413c-9e1f-aa4001fbff8a,wheeler.solar,available,67.98,81.98,high,low,7,namecheap,,,23/09/2026 13:27
aa0433d0-4d9e-4e44-a64a-4ac37fac6a73,unknown.solar,available,64.99,64.99,high,low,7,namesilo,,,03/09/2026 12:55
c85fb99d-3d2f-4835-bf79-cee45b8cf7af,rouser.solar,available,64.99,64.99,medium,low,6,namesilo,,,20/09/2026 08:33
0ab232ce-07cd-4b9c-9d9f-352229577df9,tracy.solar,available,9.99,,high,low,5,name.com,,,
1e2bf800-9709-4557-b9ad-76a7ad6d0f2c,avowal.solar,available,64.99,64.99,medium,low,6,namesilo,,,17/09/2026 14:26
c93ed5dd-b68a-426b-a4b0-aa2350f93e28,lets.solar,available,67.98,81.98,high,low,4,namecheap,,,18/09/2026 18:55
08bc9691-5e0e-42b8-9a25-77998959038b,whole.solar,premium,130,260,high,low,5,namecheap,,,22/09/2026 00:29
9f4bc314-3037-4c3d-9a59-c367ae0e3f6c,minecraft.solar,available,,,high,high,9,,,,
0fa7b602-8bfc-4bd9-9415-2399f75eacc7,abused.solar,available,9.99,83.99,high,low,6,name.com,,,
f5e2dfea-905e-42f1-ab4e-a3014c06a256,trebuchet.solar,available,64.99,64.99,medium,low,9,namesilo,,,20/09/2026 00:39
85ab3490-ef74-42c3-ad78-556d7b08c11d,daydream.solar,available,64.99,64.99,high,low,8,namesilo,,,17/09/2026 22:00
f5139028-d9fc-44ce-aa7d-ac93ba5a63c6,beak.solar,available,64.99,64.99,high,low,4,namesilo,,,22/09/2026 19:41
22743d63-1a86-4800-9730-149dbf16632f,antipodes.solar,available,67.98,81.98,medium,low,9,namecheap,,,19/09/2026 14:59
c50c6804-718b-41c2-a963-b88288d914d0,agromania.solar,available,67.98,81.98,medium,low,9,namecheap,,,17/09/2026 19:38
a31255cd-f310-4864-a909-de74648d885a,secular.solar,available,9.99,83.99,medium,low,7,name.com,,,22/08/2026 18:49
7a751e58-be56-4231-b488-8ab0fac7b6a8,katie.solar,available,64.99,64.99,high,low,5,namesilo,,,25/09/2026 13:27
c6208929-8403-48b6-b168-deebfa4ee886,civilly.solar,available,64.99,64.99,medium,low,7,namesilo,,,14/09/2026 06:57
3f4aba36-288b-4bdb-82e0-562d3c65baec,constraints.solar,available,64.99,64.99,low,low,11,namesilo,,,20/09/2026 23:49
934ad27c-43f2-4e55-bec4-f11b09cd2c9d,masters.solar,available,9.99,,high,low,7,name.com,,,
f3098460-3653-496c-ba9e-fe1045d3ed1d,whipping.solar,available,9.99,83.99,medium,low,8,name.com,,,22/08/2026 20:12
a5d8e54c-a2f9-4731-ab9d-8ac62042b895,struggle.solar,available,9.99,,high,low,8,name.com,,,
9bf3bd50-9411-48c1-9e4c-fc7a0e40a594,laborer.solar,available,9.99,,high,low,7,name.com,,,
5c50a0c5-8843-4afa-8314-649713b34e4a,supplicant.solar,available,64.99,64.99,medium,low,10,namesilo,,,11/09/2026 03:28
50d571ac-0bf8-47f8-80e4-7356d7b6ba84,computer.solar,premium,512,512,high,medium,8,namesilo,,,23/09/2026 09:10
0656b622-7a31-42ef-aaae-534cae96a9ff,wigeon.solar,available,64.99,64.99,medium,low,6,namesilo,,,19/09/2026 03:00
f9e614c8-6e5d-4918-97d4-a725cba3710d,household.solar,available,9.99,,high,low,9,name.com,,,
7a8d81ec-2aad-413c-83f4-9fe7af382fd2,ablaut.solar,available,64.99,64.99,medium,low,6,namesilo,,,16/09/2026 16:06
82c04691-95b4-41e5-8830-67332711133a,apartheid.solar,available,64.99,64.99,medium,low,9,namesilo,,,19/09/2026 16:15
8069958d-397d-40bd-afb0-b43ac25258f8,monotone.solar,available,9.99,83.99,high,low,8,name.com,,,25/08/2026 05:25
83966b07-02c0-41aa-8104-4ccb617027e7,fasting.solar,available,9.99,83.99,high,low,7,name.com,,,17/08/2026 23:03
35529854-7802-423f-8588-0905d455dc40,shakeable.solar,available,64.99,64.99,medium,low,9,namesilo,,,10/09/2026 05:34
c2d7f470-6768-4551-b282-e33e6f6fa211,seat.solar,available,9.99,83.99,medium,low,4,name.com,,,09/08/2026 11:32
1a4f24c6-8c77-4c4c-9fea-e820022384d0,cameroon.solar,available,,,high,high,8,,,,
069d3c71-e7f2-40e5-b17e-16694765a111,myself.solar,available,64.99,64.99,high,low,6,namesilo,,,25/09/2026 12:53
a15d6511-9968-4f5e-b43d-0b107571f4ff,excursive.solar,available,9.99,83.99,medium,low,9,name.com,,,17/08/2026 16:39
9f6dfc7e-9acc-45f3-8c2b-44fbfd23f8fc,unsubtle.solar,available,64.99,64.99,medium,low,8,namesilo,,,12/09/2026 20:46
844329e6-8299-4adf-8f00-1072ffbf8751,banks.solar,available,64.99,64.99,high,low,5,namesilo,,,22/09/2026 02:52
7b558c68-7485-41ac-851e-57dab8682dee,basketful.solar,available,64.99,64.99,medium,low,9,namesilo,,,22/09/2026 11:27
4bbfbbfe-6df6-46c0-bab0-8c74e75da4ef,idiot.solar,available,64.99,64.99,high,low,5,namesilo,,,23/09/2026 07:42
f408923b-19bc-4db1-a986-65f55885e635,inception.solar,available,9.99,,high,low,9,name.com,,,
b95d0f59-048b-46f4-96a7-5a7fe7481aab,mechanism.solar,available,64.99,64.99,high,low,9,namesilo,,,24/09/2026 14:15
c310b400-8006-44b7-8501-0c5e67086eec,stemma.solar,available,9.99,83.99,medium,low,6,name.com,,,08/09/2026 13:29
c6f22972-df5c-4cbf-aacd-ff1427769767,nourished.solar,available,64.99,64.99,high,low,9,namesilo,,,03/09/2026 22:12
af057cdc-bb24-4b92-94e5-fed29260ce42,mineral.solar,available,64.99,64.99,high,low,7,namesilo,,,08/09/2026 16:39
fd77f4ba-6d06-4e74-aae4-c36a0dd2fdc7,moonstruck.solar,available,9.99,83.99,medium,low,10,name.com,,,24/08/2026 11:18
e0b85565-be80-4dd9-aa89-b27e3b091e06,haired.solar,available,9.99,83.99,medium,low,6,name.com,,,20/08/2026 22:09
fabc3973-77d4-4770-b182-b0acdfebc2d2,hits.solar,available,64.99,64.99,high,low,4,namesilo,,,19/09/2026 23:53
e3eb2617-68b0-4001-b5f7-525bfa744306,aardvark.solar,available,64.99,64.99,high,low,8,namesilo,,,16/09/2026 13:21
cc312272-3807-4ccb-a038-b39bf1862b6a,bradley.solar,available,67.98,81.98,high,low,7,namecheap,,,25/09/2026 02:09
a485f486-dccb-4dc7-af7a-ce0f2ef1a582,gibbous.solar,available,9.99,83.99,medium,low,7,name.com,,,13/08/2026 07:44
8e851666-2822-431f-be24-ea9ae4bbc467,dionysia.solar,available,67.98,81.98,high,low,8,namecheap,,,21/09/2026 13:58
07e5bfaa-008b-4092-b531-8a5ba185fd31,apium.solar,available,64.99,64.99,medium,low,5,namesilo,,,19/09/2026 17:32
efb4c534-29c5-45bc-9f85-da501b3ee87b,finback.solar,available,64.99,64.99,medium,low,7,namesilo,,,21/09/2026 20:44
e64f29b6-cabd-40bd-a8e6-1793c11065a5,honour.solar,available,64.99,64.99,high,low,6,namesilo,,,16/09/2026 22:47
cca21e70-a782-4513-ace7-147d6af0589a,abductor.solar,available,64.99,64.99,medium,low,8,namesilo,,,16/09/2026 14:54
243f546d-f9e2-46d8-8b82-95722d9b9313,over.solar,available,64.99,64.99,high,low,4,namesilo,,,22/09/2026 00:56
fdda09a6-735b-4fdb-8981-4268ddde9ddf,ultimately.solar,available,9.99,,high,low,10,name.com,,,
220b08d0-3de6-4680-827e-5db387b51e34,baraka.solar,available,64.99,64.99,high,low,6,namesilo,,,22/09/2026 04:07
1e2d22d4-05f9-4ffe-978e-149777fa1953,aspiration.solar,available,67.98,81.98,high,low,10,namecheap,,,18/09/2026 16:53
d15665a3-028f-489d-b1d2-f4fa4f67ced6,coupon.solar,available,64.99,64.99,high,low,6,namesilo,,,24/09/2026 18:44
ccbbbf27-4dbb-4f3c-9b9a-bea752ec389e,opt.solar,available,9.99,,high,low,3,name.com,,,
79ed2cff-5504-4408-8a3b-d6c5450782d3,turnout.solar,available,9.99,,high,low,8,name.com,,,
9c7ee24e-e666-4116-9115-e1b80bd81e23,precious.solar,available,9.99,83.99,high,low,8,name.com,,,12/08/2026 04:19
17b04a4a-a09e-43f0-87de-6b9bbdc466ef,barbuda.solar,available,64.99,64.99,medium,low,7,namesilo,,,22/09/2026 05:04
3d445e3e-3ec7-42c2-9bf1-abcc7e88c1fd,traded.solar,available,67.98,81.98,medium,low,6,namecheap,,,25/09/2026 20:44
c58bd3a0-6949-43a2-92e0-86e487d03cf1,dumas.solar,available,67.98,81.98,medium,low,5,namecheap,,,18/09/2026 05:57
3e363db1-a581-4eee-a9d9-4afc48231340,consistently.solar,available,9.99,,high,low,12,name.com,,,
5c1b69cc-31e4-47c0-9dc6-70339d59228c,mouthfeel.solar,available,9.99,,medium,low,10,name.com,,,
897d421e-1631-4607-b21e-2781cdc7bddd,spine.solar,available,9.99,,high,low,5,name.com,,,
2ea4e196-2963-44ad-9712-77d37f96e082,nourishing.solar,available,67.98,81.98,high,low,10,namecheap,,,19/09/2026 17:50
0356ed42-85bd-4bc5-b084-b71749187dee,dimple.solar,available,64.99,64.99,high,low,6,namesilo,,,24/09/2026 22:21
97317041-f6a8-4c7e-a8c2-681df26d2a89,payable.solar,available,9.99,83.99,high,low,7,name.com,,,12/08/2026 16:58
d1ea438a-15b9-4c75-b583-363e19fc8d8e,kechua.solar,available,9.99,83.99,medium,low,6,name.com,,,22/08/2026 15:23
e553b5c3-78fc-4ee9-9515-960f17599857,feeding.solar,available,67.98,81.98,high,low,7,namecheap,,,25/09/2026 22:30
7555031b-04ca-43ec-8bf8-f254ca7af4b5,fruit.solar,available,64.99,64.99,high,low,5,namesilo,,,25/09/2026 10:23
0a086472-49c5-4afa-8361-295fd6aa709e,toned.solar,available,64.99,64.99,high,low,5,namesilo,,,11/09/2026 17:02
e5d0a6b5-980a-4188-bd33-7cc3ad4fcd60,aalto.solar,available,64.99,64.99,high,low,5,namesilo,,,16/09/2026 13:16
8ba08a8e-a01c-4ac4-93b3-443e918f5e89,conflicted.solar,available,9.99,,medium,low,10,name.com,,,
f3b0cd50-c5e7-45ec-b62d-1dd04f13f27a,opportunity.solar,available,64.99,64.99,high,low,11,namesilo,,,27/09/2026 02:17
599dd6c8-7426-40cb-b54f-e082dcd99261,nonviable.solar,available,67.98,81.98,medium,low,9,namecheap,,,03/09/2026 21:02
d24591a2-6181-4585-bc45-53130bc7e8e2,bounce.solar,available,64.99,64.99,high,low,6,namesilo,,,23/09/2026 01:22
ad5d656b-d749-42d2-9c10-ed25294cd0a0,loses.solar,available,64.99,64.99,medium,low,5,namesilo,,,27/09/2026 11:07
61c17493-d3c6-4677-8886-2b5201849af4,useful.solar,available,9.99,,high,low,6,name.com,,,
3935834e-84eb-4dc5-8a30-d8cae6b2882b,demo.solar,available,64.99,64.99,high,medium,4,namesilo,,,27/09/2026 05:08
2d9b921b-5225-4935-8bcb-294db4bdaf95,ecumenical.solar,available,9.99,83.99,medium,low,10,name.com,,,15/08/2026 04:38
4e1d204b-a7bb-4a93-89b3-2cd190d01b53,kilometre.solar,available,9.99,,high,low,9,name.com,,,
65d53c4e-8ec4-461c-8208-7e6d71d4cb53,wroth.solar,available,64.99,64.99,medium,low,5,namesilo,,,13/09/2026 13:38
28c0b2c3-2436-433e-886d-040e2781e815,accountant.solar,available,64.99,64.99,high,low,10,namesilo,,,16/09/2026 23:11
bd9b1aa6-8aa7-4e94-9f5d-58eeb091a797,smartest.solar,available,67.98,81.98,high,low,8,namecheap,,,20/09/2026 22:26
a224b15f-4d5e-44a7-8992-70ccbeb99879,females.solar,available,67.98,81.98,medium,low,7,namecheap,,,18/09/2026 19:27
6c01b660-34f5-43e8-94d9-1ea24184badd,tabu.solar,available,9.99,83.99,high,low,4,name.com,,,18/08/2026 11:04
dc9f6cd3-373e-4de5-ae52-e64e54252c03,radish.solar,available,67.98,81.98,high,low,6,namecheap,,,24/09/2026 20:53
8400e014-ce01-4b52-a39e-d900ef5ec997,harlot.solar,available,9.99,83.99,medium,low,6,name.com,,,13/08/2026 14:19
4a81fd86-f1d5-472b-a644-3d279684701d,abashed.solar,available,9.99,83.99,medium,low,7,name.com,,,
3212b21f-e1d7-4cb0-8c29-d1ce0d825e79,heroically.solar,available,64.99,64.99,high,low,10,namesilo,,,15/09/2026 00:39
fc109fbb-a3b1-433c-8309-8f6253037fff,albescent.solar,available,9.99,83.99,medium,low,9,name.com,,,
a5441e9d-c027-4cb3-b4d8-27bd79034e49,notorious.solar,available,9.99,83.99,high,low,9,name.com,,,21/08/2026 19:05
8c6d2c76-14ff-4c86-91ef-f9513425528f,promo.solar,available,9.99,,high,low,5,name.com,,,
dd16f05a-3109-49ef-9006-bff6673d8029,unfirm.solar,available,64.99,64.99,low,low,6,namesilo,,,12/09/2026 10:19
2c875c60-b4c0-4a24-87ef-ce32d19f3ccb,dresses.solar,available,64.99,64.99,medium,low,7,namesilo,,,18/09/2026 07:11
051ae3d0-6f2a-4c33-9ab0-62c57c286bf9,hoop.solar,available,64.99,64.99,high,low,4,namesilo,,,22/09/2026 11:23
a1b8ae53-e517-43fb-8657-82de460d55d2,interview.solar,available,9.99,,high,low,9,name.com,,,
aa6e537e-56fa-49c4-8e0b-cb1f2bfa64d6,geologic.solar,available,9.99,83.99,high,low,8,name.com,,,18/08/2026 22:30
ea7b5b24-b61c-4c75-af5d-5aae1afc9562,rustic.solar,available,9.99,83.99,high,low,6,name.com,,,
fa955f93-4a6b-4737-8774-705ed4632261,airport.solar,available,64.99,64.99,medium,low,7,namesilo,,,27/09/2026 02:07
cea6de7c-474e-452f-aadd-207c3c515e76,sweeping.solar,available,64.99,64.99,high,low,8,namesilo,,,11/09/2026 05:31
cd21e840-2b93-4fd6-8d81-e5cfde7f5210,bronzed.solar,available,9.99,83.99,high,low,7,name.com,,,11/08/2026 05:43
1ae01daa-9cc6-48a9-938b-913ee4f4ae5e,opens.solar,available,64.99,64.99,high,low,5,namesilo,,,18/09/2026 23:02
25324b72-0351-4810-ad87-a085e36be242,optimistic.solar,available,9.99,83.99,high,low,10,name.com,,,04/09/2026 17:07
bcf05e37-e24f-4772-b907-0d57a6ce1b8f,errorless.solar,available,9.99,83.99,medium,low,9,name.com,,,17/08/2026 13:01
33445356-c427-4174-9055-5e3d6537e252,environmentally.solar,available,9.99,,high,low,15,name.com,,,
f5dd8a8b-0074-4d34-bb70-e5670ad8cff6,release.solar,available,67.98,81.98,high,low,7,namecheap,,,24/09/2026 21:38
4f72e787-bf85-4871-877d-7bec45a5ea63,isolated.solar,available,64.99,64.99,high,low,8,namesilo,,,22/09/2026 07:07
56151618-902a-48ae-b47f-b51afde44667,mentation.solar,available,64.99,64.99,medium,low,9,namesilo,,,11/09/2026 13:33
76a1d1d8-e0a4-440b-af8f-3168e40b9a83,irksome.solar,available,9.99,83.99,medium,low,7,name.com,,,10/08/2026 20:01
0c095255-9c16-4d89-b198-910e5ba418ff,head.solar,available,64.99,64.99,high,low,4,namesilo,,,23/09/2026 14:18
18dd6495-4a14-435e-819b-df39c1fbb61a,counselling.solar,available,64.99,64.99,high,low,11,namesilo,,,17/09/2026 12:13
e7de466e-8c76-432a-bf83-afdee28497a5,powdery.solar,available,9.99,83.99,medium,low,7,name.com,,,18/08/2026 04:39
df80e620-3f1a-460d-8d64-a4001f44f027,cult.solar,available,67.98,81.98,high,medium,4,namecheap,,,24/09/2026 19:17
b0cd53ec-bc53-443e-a441-e5e11497a1d2,tabular.solar,available,64.99,64.99,high,low,7,namesilo,,,11/09/2026 06:55
be3e9501-86ab-421b-9ca2-2698e4683c90,alpaca.solar,available,64.99,64.99,high,low,6,namesilo,,,18/09/2026 13:31
eb74295b-4ce4-467d-92ae-88d2a2b514b8,hungarian.solar,available,9.99,83.99,high,low,9,name.com,,,21/08/2026 15:39
498751e1-f900-49ee-a9f8-93fdbd610e29,sodium.solar,available,64.99,64.99,high,low,6,namesilo,,,20/09/2026 22:13
1d470547-de1e-4462-9b09-c677b7894967,plosive.solar,available,64.99,64.99,medium,low,7,namesilo,,,04/09/2026 00:16
c59d6ed1-a0e8-4d06-ac4d-8cdc1d0f2a37,ballooning.solar,available,64.99,64.99,high,low,10,namesilo,,,21/09/2026 23:14
85c04e71-0b98-4cc3-a746-c2b54bb9f2d7,padded.solar,available,9.99,83.99,high,low,6,name.com,,,13/08/2026 11:57
c6bb6d74-a41c-4c01-8bcd-8f616284cd4e,offline.solar,available,64.99,64.99,high,medium,8,namesilo,,,04/09/2026 01:13
14914fb6-0e4c-4969-933a-e37463cb2a06,jet.solar,resell,,,high,medium,3,"Sav.com, LLC - 33",28/08/2026 15:16,28/08/2027 15:16,26/09/2026 07:00
6a81233d-ec22-439f-86eb-51dba5dbcab7,clergy.solar,available,9.99,,high,low,6,name.com,,,
36027dd8-2e0f-4d28-bc98-21ba7a303b6e,mist.solar,available,64.99,64.99,high,low,4,namesilo,,,25/09/2026 23:43
009383f4-c606-4b61-80ee-457388014fd5,doob.solar,available,67.98,81.98,medium,low,4,namecheap,,,21/09/2026 18:37
44fba9b1-0f52-43ba-a843-3a47b7e5967c,explicitly.solar,available,64.99,64.99,medium,low,10,namesilo,,,14/09/2026 17:07
03378276-39ab-4e1e-a422-8d115bd6bd8a,timeline.solar,available,64.99,64.99,high,low,8,namesilo,,,27/09/2026 05:39
0c9fb80f-79b8-4f5f-b00c-00d24876cf67,fierily.solar,available,67.98,81.98,medium,low,7,namecheap,,,14/09/2026 18:22
6ab145e9-e990-4489-bbd4-3504adcd2626,proportion.solar,available,9.99,,high,low,10,name.com,,,
a7db48e4-c707-4e61-a2ae-60a5dbcc8217,guarded.solar,available,9.99,83.99,high,low,7,name.com,,,20/08/2026 20:41
f4e5fd69-ebdb-413c-8ddc-789613db94b2,paralyzed.solar,available,64.99,64.99,medium,low,9,namesilo,,,08/09/2026 01:29
ff8e81d7-9e0b-4acf-8dd2-354e1945b7c9,contemplation.solar,available,67.98,81.98,high,low,13,namecheap,,,16/09/2026 21:40
c9e6e8ca-0109-4dc6-87ad-2b748180b4a8,binocular.solar,available,9.99,83.99,high,low,9,name.com,,,10/08/2026 00:15
5456b1f5-3064-4392-a8b8-2c086c40a53c,amends.solar,available,64.99,64.99,high,low,6,namesilo,,,18/09/2026 18:41
32e1e240-a0f0-4e4e-ae62-6132e45ee102,regarding.solar,available,64.99,64.99,high,low,9,namesilo,,,27/09/2026 06:20
a1eb6f87-0b35-41d0-bf7d-3e64e4bc6754,clef.solar,available,64.99,64.99,high,low,4,namesilo,,,24/09/2026 15:30
3b540e25-b24a-4d93-b0d8-f9920e5943bc,fissure.solar,available,9.99,83.99,high,low,7,name.com,,,13/08/2026 04:18
b0f386a0-027b-4767-a0b0-60148369559d,arriviste.solar,available,64.99,64.99,medium,low,9,namesilo,,,03/09/2026 22:17
3b3ec372-236b-4719-b725-6b0f65d9d85c,dextrous.solar,available,9.99,83.99,high,low,8,name.com,,,13/08/2026 23:53
c3a6b63a-b072-4399-9fa9-3ebc9a3ed231,braky.solar,available,9.99,83.99,low,low,5,name.com,,,11/08/2026 01:57
91d7ebca-6e0c-4ef6-a19f-f38d2e46e541,point.solar,available,9.99,,high,low,5,name.com,,,
1195a380-73f4-4f5a-af60-feed97e7701c,nurture.solar,available,64.99,64.99,high,low,7,namesilo,,,09/09/2026 11:05
df813b76-bf23-457d-9298-03f4f594c9f1,sterling.solar,resell,,,high,low,8,Dynadot Inc,27/01/2026 17:00,27/01/2027 17:00,26/09/2026 09:18
a209bcce-dec6-4fc2-9c52-06f70421d6fb,nuptial.solar,available,9.99,83.99,high,low,7,name.com,,,11/08/2026 03:55
4d5d930b-af0b-414b-9d30-09468ed1d12b,dehydrated.solar,available,9.99,83.99,medium,low,10,name.com,,,14/08/2026 00:06
c6815f0d-dacf-4726-ac17-cd54ac058892,gullible.solar,available,9.99,83.99,medium,low,8,name.com,,,18/08/2026 07:40
5c3f1817-95ef-4320-9fa5-4ef167885e01,iterative.solar,available,9.99,83.99,high,low,9,name.com,,,22/08/2026 11:39
d65c962b-9bab-4262-849c-23a325e7befa,tubby.solar,available,64.99,64.99,medium,low,5,namesilo,,,08/09/2026 22:29
7fefab3f-5cf3-4e66-9cc9-d33f765d3bc4,kabul.solar,available,50.2,50.2,high,low,5,cloudflare,,,27/09/2026 12:08
a6ac1972-ca1b-4015-a224-e20cc565f7e2,northwards.solar,available,67.98,81.98,medium,low,10,namecheap,,,03/09/2026 21:25
e050420a-cb69-4727-96ed-1be127d911ba,arethusa.solar,available,64.99,64.99,medium,low,8,namesilo,,,20/09/2026 04:04
51f891f2-0d75-40f4-82e6-99af0cc38352,luther.solar,available,64.99,64.99,high,low,6,namesilo,,,25/09/2026 23:29
ba7aa552-2680-41f7-b9a4-558aa0be2f2c,emotions.solar,available,64.99,64.99,medium,low,8,namesilo,,,27/09/2026 02:04
7b72647c-2b16-4446-8bd4-cdc54557fd56,glancing.solar,available,9.99,,high,low,8,name.com,,,
9ab0eceb-be5c-4c4d-8bea-b987ef5698e5,cooker.solar,available,67.98,81.98,high,low,6,namecheap,,,24/09/2026 18:03
ef555924-5c9e-49ab-af9f-73f6486df1d4,perfume.solar,available,67.98,81.98,high,low,7,namecheap,,,27/09/2026 04:02
0524242b-8912-4e95-a5b1-e98ba96d7b79,putnam.solar,available,64.99,64.99,medium,low,6,namesilo,,,25/09/2026 16:07
7dcc751a-cd86-4464-82c6-bc89a0e544da,opposable.solar,available,9.99,83.99,medium,low,9,name.com,,,06/08/2026 07:43
e340528b-41ab-4bb3-b9ae-f23095e6b8dd,fourth.solar,available,9.99,83.99,high,low,6,name.com,,,
d2eb2b34-9051-47d6-9e7e-68b185eb6ac2,onshore.solar,available,9.99,83.99,high,low,7,name.com,,,22/08/2026 06:55
7ae1cbed-3ff5-4697-8d07-6d9a4eb8608b,beirut.solar,available,67.98,81.98,high,low,6,namecheap,,,22/09/2026 18:14
796c0319-69e2-4bef-b4c9-49c29bfde7de,verminous.solar,available,64.99,64.99,medium,low,9,namesilo,,,13/09/2026 04:05
701e454b-7805-41b5-96d9-41ed6334567c,cramped.solar,available,9.99,83.99,medium,low,7,name.com,,,13/08/2026 04:47
f35429bf-cc00-43ba-9cb3-c7633add4c6e,pork.solar,available,64.99,64.99,high,low,4,namesilo,,,26/09/2026 00:07
f40d067d-4f0c-43e8-8c1f-c9688b804427,asteroid.solar,available,64.99,64.99,high,low,8,namesilo,,,22/09/2026 10:17
9ef43797-3506-47c9-ab0a-08200f834a01,osmium.solar,available,67.98,81.98,medium,low,6,namecheap,,,20/09/2026 23:48
3f62158d-8c5c-4d52-9102-e65f0e2c0d0c,aspirator.solar,available,64.99,64.99,high,low,9,namesilo,,,20/09/2026 15:23
b49057f6-03f1-4429-b982-19386102eab2,addin.solar,available,64.99,64.99,high,low,6,namesilo,,,17/09/2026 06:37
476a109c-4a13-4e67-aebf-c167ee029f54,deposit.solar,available,9.99,,high,low,7,name.com,,,
3749cb1c-bd51-44ae-8265-01ee87d6f6e0,joyful.solar,available,9.99,83.99,high,low,6,name.com,,,20/08/2026 14:22
c976b01c-76a0-4993-9abe-170630c536f8,songs.solar,available,67.98,81.98,high,low,5,namecheap,,,25/09/2026 19:03
00586a93-4ee6-45b8-b140-857e6a85fca0,bezel.solar,available,64.99,64.99,medium,low,5,namesilo,,,23/09/2026 12:19
2f2a3e8c-d445-4286-a45a-8889921eafce,altar.solar,available,64.99,64.99,high,low,5,namesilo,,,18/09/2026 14:32
8f4dd876-3ba6-4a85-90ab-b6c5f296f729,loaned.solar,available,64.99,64.99,medium,low,6,namesilo,,,17/09/2026 16:26
bf6831a3-83ad-498f-a3d2-95a516d8399e,petty.solar,available,67.98,81.98,high,low,5,namecheap,,,24/09/2026 17:49
ed49a937-f718-4b59-a8a7-65e90df588d2,formed.solar,available,9.99,83.99,high,low,6,name.com,,,18/08/2026 12:09
2522a12a-7376-4e07-adb2-cb23e40adc9f,marty.solar,available,64.99,64.99,high,low,5,namesilo,,,25/09/2026 15:43
d8d8fbfa-a67f-47cf-a776-cc12109920ac,adept.solar,available,64.99,64.99,high,low,5,namesilo,,,21/09/2026 17:17
6acdd355-ba3f-48a1-a407-71187bf1faf4,olives.solar,available,64.99,64.99,high,low,6,namesilo,,,20/09/2026 04:34
6865d206-6b45-4c8d-ba7e-791ea6d85828,rules.solar,available,64.99,64.99,high,low,5,namesilo,,,25/09/2026 13:40
9a47f2f5-5275-4d35-8729-31f22af4159a,update.solar,available,9.99,,high,low,7,name.com,,,
b1c23131-cc31-442e-9803-11447ed01d70,surprised.solar,available,9.99,,high,low,9,name.com,,,
864e7d45-f876-465b-91e2-5888810b7f26,trying.solar,available,64.99,64.99,high,low,6,namesilo,,,03/09/2026 15:44
16a688dc-c574-46ca-a41c-ada118180a51,empty.solar,available,67.98,81.98,high,low,5,namecheap,,,24/09/2026 13:56
273725ac-86c9-4cdd-94fb-f94f43f16e6f,backband.solar,available,64.99,64.99,medium,low,8,namesilo,,,21/09/2026 14:57
cb43385e-cca5-49f6-9a57-27d94e6111ee,biologist.solar,available,67.98,81.98,high,low,9,namecheap,,,23/09/2026 18:26
d9d13639-0853-46ac-8daf-eb64cd835bfd,matutinal.solar,available,9.99,83.99,medium,low,9,name.com,,,24/08/2026 17:33
487ac5fc-b77b-4407-b0b0-04f2be7ba65e,glass.solar,premium,280,560,high,low,5,namecheap,,,
c451b44b-c724-4810-ad9f-f9ee3324de23,styleless.solar,available,64.99,64.99,low,low,9,namesilo,,,10/09/2026 23:15
4746df2f-04d3-4287-b67a-e3a112f719d7,otc.solar,available,64.99,64.99,high,low,3,namesilo,,,04/09/2026 18:34
1d6a7ed7-7bd3-4d6b-b02d-d3a3274dfb08,aboveboard.solar,available,9.99,83.99,high,low,10,name.com,,,
91314ac4-5032-4953-9899-e510ca23cd92,analecta.solar,available,64.99,64.99,medium,low,8,namesilo,,,19/09/2026 01:47
662d8963-1d5f-46d5-961b-4be18f7488cd,zovirax.solar,available,67.98,81.98,medium,low,7,namecheap,,,17/09/2026 05:42
58d90f7f-b2a1-46e5-a45e-3e713da148f8,intro.solar,available,9.99,,high,low,5,name.com,,,
05c7b010-e08d-44d0-a60d-7dc442a648cf,swimmer.solar,available,67.98,81.98,high,low,7,namecheap,,,22/09/2026 13:29
bda38671-2f71-42a2-b008-91d89e83241f,passenger.solar,available,64.99,64.99,high,low,9,namesilo,,,27/09/2026 04:56
359b1e3f-35d9-4fbd-bbfe-4306ca6330a0,tickets.solar,available,64.99,64.99,high,low,7,namesilo,,,18/09/2026 23:30
e085c8ce-23f7-4af6-a25f-b799f29af581,actias.solar,available,64.99,64.99,medium,low,6,namesilo,,,17/09/2026 04:29
b8395677-21f3-4544-b722-0ca255e8d959,salary.solar,available,9.99,,high,low,6,name.com,,,
e338190c-b717-4fe6-8b6f-586da02bdc74,rashes.solar,available,67.98,81.98,low,low,6,namecheap,,,19/09/2026 21:50
08376f2c-ea96-432f-973b-794e8167407f,amplitude.solar,available,64.99,64.99,high,low,9,namesilo,,,18/09/2026 23:46
a19f4101-cc36-4a82-a66f-0aa851466c04,nutbrown.solar,available,64.99,64.99,medium,low,8,namesilo,,,03/09/2026 23:14
13377bae-7c7e-4d85-b8bd-671d8a2a9240,iatrogenic.solar,available,9.99,83.99,medium,low,10,name.com,,,21/08/2026 17:30
737f1a4b-ce3d-4a0a-893d-10c467a25cfc,flowery.solar,available,9.99,83.99,high,low,7,name.com,,,18/08/2026 09:09
490bf096-955d-4690-aceb-11c05ef8edc9,exposed.solar,available,9.99,83.99,high,low,7,name.com,,,17/08/2026 18:37
d62a8e90-e64d-4d7b-a0a1-aecaafd104cb,retrograde.solar,available,64.99,64.99,high,low,10,namesilo,,,09/09/2026 15:46
9e75a55d-acf6-4183-afcd-3bb0cb89a11b,arno.solar,available,64.99,64.99,high,low,4,namesilo,,,20/09/2026 08:12
36837fc4-480f-4a07-8762-ab6e4f7c5164,baldric.solar,available,64.99,64.99,medium,low,7,namesilo,,,21/09/2026 21:45
e14a6fba-62f1-4262-99dd-06c1ed0446a2,melancholy.solar,available,67.98,81.98,high,low,10,namecheap,,,25/09/2026 19:05
69d67c6d-403c-4662-8888-3743157a2546,clubbish.solar,available,9.99,83.99,low,low,8,name.com,,,12/08/2026 12:59
273e8cd9-acfb-4a9f-9bcc-f198cb7f2bf1,greenness.solar,available,9.99,83.99,high,low,9,name.com,,,20/08/2026 19:45
ea0edd5f-3a16-4c2a-a00e-9c7d9a333719,anarchism.solar,available,64.99,64.99,medium,low,9,namesilo,,,19/09/2026 02:24
df178da9-8a21-4627-90b1-211c2784b6eb,chairperson.solar,available,9.99,,high,low,11,name.com,,,
e485dfe9-fe80-4cf9-b588-89206ba7c5ac,waggon.solar,available,67.98,81.98,high,low,6,namecheap,,,22/09/2026 19:02
4d6f404d-796e-453d-b1c7-88a736dac5b3,hostages.solar,available,50.2,50.2,medium,low,8,cloudflare,,,27/09/2026 11:30
def802ba-6943-4848-964f-34500c7248ab,charges.solar,available,67.98,81.98,medium,low,7,namecheap,,,25/09/2026 18:37
edae6693-754e-456c-a142-f954fd2b5991,theresa.solar,available,67.98,81.98,high,low,7,namecheap,,,17/09/2026 18:43
0aed2a26-2a30-43d5-8e5d-eca9c7f3a77d,majuscule.solar,available,9.99,83.99,medium,low,9,name.com,,,24/08/2026 13:26
524cff4c-36c0-4b08-b1fc-8aa6c2350298,stand.solar,available,9.99,,high,low,5,name.com,,,
34524abd-243a-4c5f-9a1a-6d89c7bfb749,patrick.solar,available,64.99,64.99,high,low,7,namesilo,,,25/09/2026 09:49
8f285371-786d-42f1-a523-657b4fc70654,bivalent.solar,available,9.99,83.99,high,low,8,name.com,,,10/08/2026 08:58
5961c425-13fa-4061-ab09-557bdcf36f3a,arhant.solar,available,67.98,81.98,medium,low,6,namecheap,,,20/09/2026 05:07
a82035a7-3341-4a1c-b8ab-1696c1a10c09,gum.solar,available,67.98,81.98,high,low,3,namecheap,,,24/09/2026 14:25
4660bc78-7a89-446f-83ec-66e6a7d9df98,verifiable.solar,available,9.99,83.99,high,low,10,name.com,,,12/08/2026 20:51
e4e02478-f483-4ee0-90f2-77eb7218c058,demotic.solar,available,9.99,83.99,medium,low,7,name.com,,,14/08/2026 01:35
540b309f-1d00-4df4-9eb5-29a008ab4f29,acidotic.solar,available,9.99,83.99,medium,low,8,name.com,,,
d70e67e2-ed4d-4ae8-867c-7b58a3a1748a,grouping.solar,available,9.99,,high,low,8,name.com,,,
4918319e-2d95-4486-941d-1875e2c143ef,benthos.solar,available,67.98,81.98,high,low,7,namecheap,,,23/09/2026 08:45
6ab055e4-7f0a-4026-a079-102f0644cd60,amaretto.solar,available,64.99,64.99,high,low,8,namesilo,,,18/09/2026 15:58
5e6eb363-c3ac-43ac-90a5-a90ee10977c4,numerical.solar,available,64.99,64.99,high,low,9,namesilo,,,03/09/2026 22:52
bda75d10-2429-495d-8317-1469711667a5,strengths.solar,available,64.99,64.99,high,low,9,namesilo,,,18/09/2026 22:25
ede7bacf-317f-4f14-a331-0ce2052b38b2,brummagem.solar,available,9.99,83.99,medium,low,9,name.com,,,11/08/2026 06:42
8d9e9797-208c-4d90-b0ca-7b182315789a,trap.solar,available,67.98,81.98,high,low,4,namecheap,,,25/09/2026 15:44
1b628048-a859-48d4-be05-d3a048d9b711,antum.solar,available,67.98,81.98,medium,low,5,namecheap,,,19/09/2026 15:47
a2270d92-16a8-4e79-8d19-84b072a7cebe,pluses.solar,available,67.98,81.98,medium,low,6,namecheap,,,21/09/2026 02:09
292f4433-6d09-4996-9958-29145e0de6d6,meager.solar,available,9.99,83.99,medium,low,6,name.com,,,24/08/2026 18:02
7520ddf4-d1d2-4724-a878-17a40c44b76d,slickly.solar,available,64.99,64.99,medium,low,7,namesilo,,,14/09/2026 21:36
07049cc5-9f7b-45a0-bfef-19c124317f96,corey.solar,available,64.99,64.99,high,low,5,namesilo,,,26/09/2026 03:27
764f49ed-4e80-49cd-9803-73a46efe5c22,launch.solar,available,64.99,64.99,high,medium,6,namesilo,,,25/09/2026 22:14
4a5c7c81-ca41-42c2-b8c1-bd430909d6af,rican.solar,available,64.99,64.99,high,low,5,namesilo,,,25/09/2026 13:13
c1c3bed3-f994-4607-9203-38fe6daa882d,mirthful.solar,available,9.99,83.99,high,low,8,name.com,,,12/08/2026 19:00
a54f9818-6fad-4e28-be9a-40f8a806100e,corporeal.solar,available,9.99,83.99,medium,low,9,name.com,,,13/08/2026 01:54
e49fdf8e-72e4-41d2-a638-ed1d20319166,backfire.solar,available,64.99,64.99,high,low,8,namesilo,,,21/09/2026 15:28
672a4baf-37b0-46f2-b62e-22e8411f3f65,ruinous.solar,available,9.99,83.99,medium,low,7,name.com,,,10/08/2026 13:28
e32bacb5-85a9-46b7-aca3-33dd7065e956,germanic.solar,available,9.99,83.99,high,low,8,name.com,,,18/08/2026 22:46
6e13fdbd-cf16-42ef-8fb6-78b6aed840fe,bracer.solar,available,64.99,64.99,medium,low,6,namesilo,,,20/09/2026 06:51
5f4ccb0e-dc7d-429a-8dd3-c9e2b456e24d,benne.solar,available,67.98,81.98,medium,low,5,namecheap,,,23/09/2026 08:27
3755d76c-266c-4a7f-b5a4-808a58b45c74,appliance.solar,available,64.99,64.99,high,low,9,namesilo,,,19/09/2026 21:44
3b393b86-d515-4e3f-97b7-4e02e5f982d4,bevin.solar,available,64.99,64.99,medium,low,5,namesilo,,,23/09/2026 12:05
b4641d0f-4127-4f00-8846-27a1b8d89d65,hepworth.solar,available,64.99,64.99,medium,low,8,namesilo,,,22/09/2026 04:23
19b12836-83c4-4fa3-ada0-b803c2b7b7be,agave.solar,available,64.99,64.99,high,low,5,namesilo,,,17/09/2026 16:37
8f422c4e-0c56-405b-8e5c-8d964f141a2a,getatable.solar,available,9.99,83.99,medium,low,9,name.com,,,18/08/2026 23:00
b3837ec7-2025-48bc-8f70-0709a8f09e66,philip.solar,available,9.99,,high,low,6,name.com,,,
3f2addb9-1d51-4a59-8c63-1b29ac9569e7,offended.solar,available,64.99,64.99,medium,low,8,namesilo,,,04/09/2026 01:24
4009e9b5-86d3-46f0-9098-707d4fdec605,periodic.solar,available,64.99,64.99,high,low,8,namesilo,,,08/09/2026 17:11
48040495-a50a-4f91-8f2e-1b076c1eb84e,identified.solar,available,67.98,81.98,high,low,10,namecheap,,,25/09/2026 07:25
d74bb78d-6dd5-493a-ba5a-5b8410ddf8b4,utile.solar,available,64.99,64.99,high,low,5,namesilo,,,13/09/2026 00:01
eb5fddc5-8360-4af1-8f8c-a49718524846,inexpensive.solar,available,9.99,,high,low,11,name.com,,,
95aa47de-592c-4d07-b04a-f257d2a59163,killer.solar,available,67.98,81.98,high,low,6,namecheap,,,24/09/2026 13:14
402dccc8-abdd-4e5a-aa62-bd57687a8333,period.solar,available,9.99,,high,low,6,name.com,,,
ebeef5da-9366-4f43-88ad-8b717d03e3c3,appearance.solar,available,9.99,83.99,high,low,10,name.com,,,08/09/2026 12:55
8933b324-3207-4799-9fb8-a4c282c84125,folder.solar,available,9.99,,high,low,6,name.com,,,
df7a577a-c2b8-4e03-af45-07a6851b91c4,unwilling.solar,available,64.99,64.99,medium,low,9,namesilo,,,12/09/2026 22:40
389bfcf7-b62d-4061-b378-fa09fdb592e6,lions.solar,available,9.99,,high,low,5,name.com,,,
b2b4f434-ecf6-4b2e-aac7-5c1259db523d,peregrine.solar,available,9.99,83.99,medium,low,9,name.com,,,25/08/2026 02:20
7e5f1642-e5aa-4155-9435-fd75351008ed,regal.solar,available,64.99,64.99,high,low,5,namesilo,,,19/09/2026 11:09
9cdf9997-1f77-4cbe-ae90-7309cd0e5ccb,runner.solar,available,67.98,81.98,high,low,6,namecheap,,,21/09/2026 22:22
0c672611-ed55-4967-98a5-28713d0bc381,antiquark.solar,available,67.98,81.98,medium,low,9,namecheap,,,19/09/2026 15:02
3ef01a48-d727-473f-a67a-c1816588773a,relevance.solar,available,9.99,,high,low,9,name.com,,,
ae523c8e-ca5a-4d9a-b817-575136ce697b,blender.solar,available,64.99,64.99,high,low,7,namesilo,,,24/09/2026 05:44
cff45890-584c-4e35-ab9b-23c4c1ac89c9,fitted.solar,available,9.99,83.99,high,low,6,name.com,,,18/08/2026 05:47
4b27d6ea-592b-4bf1-8a2a-f4e960ab0445,industrialize.solar,available,9.99,,medium,low,13,name.com,,,
a9344597-9cfb-40e4-9e3e-aac88392e0be,literally.solar,available,9.99,,high,low,9,name.com,,,
0f33737a-8884-440a-b601-c2f2f766b54b,bulky.solar,available,64.99,64.99,medium,low,5,namesilo,,,23/09/2026 10:36
3d385ef1-3863-4ac6-a391-dfa26ebdc361,reasonably.solar,available,64.99,64.99,medium,low,10,namesilo,,,25/09/2026 11:58
0971ad18-0227-4ec3-b66d-19bda28d9b73,quiesce.solar,available,67.98,81.98,medium,low,7,namecheap,,,09/09/2026 08:52
3cba61da-6199-47ca-aacc-ddf3100fbb83,jabber.solar,available,9.99,,high,low,6,name.com,,,
6384fe78-593e-4092-ab95-45b74144e15f,jiffy.solar,available,9.99,83.99,high,low,5,name.com,,,22/08/2026 07:30
705a9b74-ed73-4a7d-b247-e1c5e0f6aba5,charles.solar,available,9.99,,high,low,7,name.com,,,
96cd0dfb-3c41-4003-92b3-3e82a7c38b1e,england.solar,available,9.99,,high,low,7,name.com,,,
818b3b96-27cf-4bb2-875e-083b153e2b40,aperiodic.solar,available,9.99,83.99,medium,low,9,name.com,,,05/08/2026 22:30
b3277d0d-31ea-4ab2-a3f3-6df824a0939d,stagnant.solar,available,9.99,83.99,medium,low,8,name.com,,,25/08/2026 06:25
046d2074-e276-497c-aded-ae7de8eb050d,flint.solar,available,9.99,83.99,high,low,5,name.com,,,18/08/2026 08:20
70c53769-3eb5-4187-86cc-86efd2737ac9,chummy.solar,available,9.99,83.99,high,low,6,name.com,,,11/08/2026 07:44
08fc5dc7-2860-486e-84e9-1a86fcf01fb1,orthogonal.solar,available,9.99,83.99,high,low,10,name.com,,,17/08/2026 19:23
7a181de2-0a5d-4db5-a22b-4d06dd6a9557,advocator.solar,available,64.99,64.99,medium,low,9,namesilo,,,17/09/2026 11:45
57fc8122-f009-439c-87d0-53ac5885d01a,erudite.solar,available,9.99,83.99,high,low,7,name.com,,,17/08/2026 13:10
eb0e7664-b762-4616-919d-26de0ad85282,liz.solar,available,64.99,64.99,high,low,3,namesilo,,,25/09/2026 14:24
d75a8adf-d5c0-424c-8fbd-ce48213fba4f,complaints.solar,available,64.99,64.99,medium,low,10,namesilo,,,18/09/2026 03:41
9d032031-57c4-4460-bd00-ca44b500e1c2,unshaved.solar,available,64.99,64.99,medium,low,8,namesilo,,,12/09/2026 19:42
3c081e58-a1f8-46fe-a9df-b8552ad1c063,decoders.solar,available,64.99,64.99,medium,low,8,namesilo,,,20/09/2026 07:41
04aa0ead-e181-4af9-9ef3-69ea56448b6e,erotically.solar,available,64.99,64.99,medium,low,10,namesilo,,,14/09/2026 15:58
a4679969-9745-4949-876d-c27feafc72c7,dust.solar,available,67.98,81.98,high,low,4,namecheap,,,24/09/2026 21:05
00b998c8-4a9b-4425-8b71-2d7336a0c079,hollering.solar,available,64.99,64.99,high,low,9,namesilo,,,23/09/2026 06:21
60d7f0ac-e336-4d69-9889-7f97e050c364,damages.solar,available,64.99,64.99,high,low,7,namesilo,,,18/09/2026 18:40
5cf018b8-f478-469a-b7c7-b8ed4961085d,carsick.solar,available,9.99,83.99,medium,low,7,name.com,,,
157bc989-b33f-47bb-9a96-b91c45786a84,asimina.solar,available,64.99,64.99,medium,low,7,namesilo,,,20/09/2026 14:10
29a3621d-0067-49ab-9022-19ad59c5dd22,shipment.solar,available,64.99,64.99,high,low,8,namesilo,,,24/09/2026 12:59
eec9c6e3-c9a1-46ba-a3e7-a8a27fde6adb,rhenium.solar,available,67.98,81.98,medium,low,7,namecheap,,,20/09/2026 23:48
a04e2a1e-f7a8-490f-aa4e-7c04e233ab68,assam.solar,available,64.99,64.99,high,low,5,namesilo,,,20/09/2026 15:42
36f5050b-86a8-4378-ad72-e2477b528663,faa.solar,available,64.99,64.99,high,low,3,namesilo,,,25/09/2026 05:50
8dbc4356-3dff-4baa-ac21-2d524b38c9e9,unopened.solar,available,64.99,64.99,medium,low,8,namesilo,,,12/09/2026 16:14
9be5f7b4-27bf-4640-a806-a3cce9e5414f,syncretic.solar,available,64.99,64.99,medium,low,9,namesilo,,,11/09/2026 06:21
c5f4e619-b742-403e-9cc1-8cc6517e2811,slave.solar,available,9.99,,high,low,5,name.com,,,
971530b5-0332-4ce2-8678-27accb445539,adar.solar,available,64.99,64.99,medium,low,4,namesilo,,,17/09/2026 06:32
8696616c-032e-40d7-b784-12e37d468a73,sharps.solar,available,67.98,81.98,medium,low,6,namecheap,,,20/09/2026 09:14
5a87e85e-af76-477a-bd31-1fcbd6ba7651,environmental.solar,available,9.99,,high,low,13,name.com,,,
8e687f84-8a34-4c7a-bc45-d711e05f606e,gainful.solar,available,9.99,83.99,high,low,7,name.com,,,18/08/2026 19:30
12e023b4-4f50-4e41-823b-19152f710432,unusable.solar,available,64.99,64.99,medium,low,8,namesilo,,,12/09/2026 21:58
a82022b9-afb1-4ee0-8b13-973a73d51865,madagascan.solar,available,9.99,83.99,medium,low,10,name.com,,,24/08/2026 12:55
e5b71c81-6901-4069-b3cf-fafa413004f7,voiceless.solar,available,9.99,83.99,medium,low,9,name.com,,,05/08/2026 23:23
82983ed0-adf1-4e91-9276-7418a4a4350b,jail.solar,available,64.99,64.99,high,low,4,namesilo,,,27/09/2026 04:20
326173e4-0c41-4235-ab0c-8304b56560c0,thong.solar,available,9.99,,high,low,5,name.com,,,
b6db615d-6717-43c8-b5dc-0a486a116e25,rustless.solar,available,67.98,81.98,medium,low,8,namecheap,,,09/09/2026 20:19
ea34d6bb-b7f2-447f-a2eb-cdcec1064f78,masted.solar,available,9.99,83.99,medium,low,6,name.com,,,24/08/2026 16:45
91de378f-9dab-455e-8297-38d45e4ea62b,knowingly.solar,available,64.99,64.99,high,low,9,namesilo,,,15/09/2026 10:35
735f85f9-ac64-4606-ab16-2009d4431777,arca.solar,available,64.99,64.99,high,low,4,namesilo,,,20/09/2026 01:31
6d249b10-1340-441e-9b5c-503389ea780b,lack.solar,available,64.99,64.99,high,low,4,namesilo,,,27/09/2026 03:43
97246960-0a65-46af-87f6-cda97934915e,aardwolf.solar,available,67.98,81.98,medium,low,8,namecheap,,,19/09/2026 15:52
e6bb17ce-f01d-4fdc-be5e-45569ba9eed9,tidily.solar,available,64.99,64.99,medium,low,6,namesilo,,,16/09/2026 09:05
309c8908-29fc-40e0-9052-4e9786c5928d,bookstore.solar,available,67.98,81.98,high,low,9,namecheap,,,24/09/2026 07:17
f7a35ea6-24f6-4188-ad0b-0ac45dec7719,gelatinous.solar,available,9.99,83.99,medium,low,10,name.com,,,18/08/2026 21:01
c1878053-a416-428c-86e4-86ed4516fd52,marooned.solar,available,64.99,64.99,medium,low,8,namesilo,,,25/09/2026 16:58
971c0441-7151-4982-99d5-55121c37d0ca,likewise.solar,available,64.99,64.99,high,low,8,namesilo,,,22/09/2026 00:06
5cfc1e30-ec05-4fa1-9af5-7259642f6e53,trip.solar,available,64.99,64.99,high,low,4,namesilo,,,08/09/2026 04:57
d2fb4905-91c2-49a7-9f88-9af92626adc1,artemia.solar,available,64.99,64.99,high,low,7,namesilo,,,20/09/2026 10:09
adbaab16-2dbf-474d-ada9-ae8516408688,complement.solar,available,9.99,,high,low,10,name.com,,,
978cbe15-31ab-4389-8d5c-567492796f9b,winking.solar,available,9.99,83.99,high,low,7,name.com,,,10/08/2026 14:28
b70ddfb3-3569-4f7e-a624-0ac7f3d7d6ec,heads.solar,available,9.99,,high,low,5,name.com,,,
d9b02e9d-05d8-4a5d-9bd4-1ff36e2b7a1d,after.solar,available,64.99,64.99,high,low,5,namesilo,,,21/09/2026 22:16
e86c7022-91de-486b-b66a-6b86f16e9851,sum.solar,available,64.99,64.99,high,low,3,namesilo,,,21/09/2026 22:52
2cf74e12-b321-4911-81f2-7f7b8fc04e0f,story.solar,available,64.99,64.99,high,medium,5,namesilo,,,25/09/2026 22:53
cc8830c6-44e2-44bc-ae6a-baa43ba6c0f2,colorectal.solar,available,9.99,83.99,medium,low,10,name.com,,,12/08/2026 17:46
a21f6088-47ff-44a6-bf96-2ff51545261e,alcoholic.solar,available,9.99,83.99,high,low,9,name.com,,,
b981eb26-a4bf-477a-b354-4b44e53671a8,auspicate.solar,available,64.99,64.99,medium,low,9,namesilo,,,21/09/2026 03:29
f0df1e18-cccc-4bf3-bfa4-7a74659ff299,syndetic.solar,available,64.99,64.99,medium,low,8,namesilo,,,11/09/2026 06:23
00131107-e320-4dbf-bde9-b24fbbaa304b,alewife.solar,available,64.99,64.99,medium,low,7,namesilo,,,18/09/2026 05:44
9159782d-4cba-45d5-b23b-65036553442d,slips.solar,available,64.99,64.99,high,low,5,namesilo,,,17/09/2026 12:24
f26ed76a-62ea-4468-8753-5bf82f997504,wintry.solar,available,9.99,83.99,medium,low,6,name.com,,,18/08/2026 16:31
e189e679-739d-4dbf-81d6-22736963e2e5,figured.solar,available,9.99,83.99,high,low,7,name.com,,,18/08/2026 04:00
89b22a62-4d67-47a3-ba44-2fdd765e3fba,tiddler.solar,available,9.99,83.99,medium,low,7,name.com,,,25/08/2026 00:10
6c01d1b7-f840-4d7d-8750-febce2e73763,leased.solar,available,9.99,83.99,high,low,6,name.com,,,12/08/2026 02:50
cdc88d0e-1ae6-4e2b-a267-f10f6bf1576b,nontoxic.solar,available,67.98,81.98,medium,low,8,namecheap,,,18/09/2026 21:11
c21052cf-b4dc-4e1a-8688-d9ccd8af90a1,billyo.solar,available,64.99,64.99,medium,low,6,namesilo,,,18/09/2026 09:10
af68d4e3-9e80-4064-8d75-81590930ed96,detox.solar,available,9.99,,high,low,5,name.com,,,
ce88eb0c-c629-49d0-944f-3b8973734c24,tasting.solar,available,9.99,,high,low,7,name.com,,,
2ffd17ba-17a1-4b25-b998-b7967050b8eb,greenback.solar,available,67.98,81.98,high,low,9,namecheap,,,22/09/2026 02:17
b968f653-cdc3-4619-915e-a5c97ed565d6,arborvitae.solar,available,64.99,64.99,medium,low,10,namesilo,,,20/09/2026 00:54
990ba783-2910-4936-98f5-8e34d9b4f943,statute.solar,available,67.98,81.98,high,low,7,namecheap,,,10/09/2026 19:18
3a59a5d8-f371-4788-8536-dcdf0214da40,acted.solar,available,64.99,64.99,medium,low,5,namesilo,,,27/09/2026 02:34
19a614ee-355a-4cb3-a823-6727dfdb4ca2,ballerina.solar,available,64.99,64.99,high,low,9,namesilo,,,21/09/2026 22:49
1c169568-7113-495d-8237-04807a14b2f6,quotable.solar,available,64.99,64.99,high,low,8,namesilo,,,09/09/2026 09:10
4c988001-474c-4406-97a8-8f9bcbd1b070,funky.solar,available,9.99,83.99,high,low,5,name.com,,,18/08/2026 02:27
f07ac415-9318-4e96-9b28-e5e84dff5367,labelled.solar,available,9.99,83.99,high,low,8,name.com,,,22/08/2026 17:15
7a118afc-60e7-48ad-a79b-617f347e2e98,recently.solar,available,9.99,,high,low,8,name.com,,,
2533e45a-dda0-4d3f-9d5d-8bb69d3e4b1a,antiquity.solar,available,9.99,83.99,medium,low,9,name.com,,,19/09/2026 03:50
1b18b0d2-324e-4db3-a450-c49d6e4f186f,silly.solar,available,64.99,64.99,high,low,5,namesilo,,,21/09/2026 23:43
32aaa58b-f9ea-4dfd-b4ed-8d2a9cb7fef1,octavian.solar,available,67.98,81.98,medium,low,8,namecheap,,,21/09/2026 04:03
97da721b-652b-4c54-a347-ef5519c87023,legendary.solar,available,9.99,83.99,high,low,9,name.com,,,17/08/2026 20:13
a50afef7-43f6-4c6e-adaf-119f21613a3a,plumbers.solar,available,64.99,64.99,medium,low,8,namesilo,,,20/09/2026 11:13
6672228e-e946-4892-b996-cd5573a83671,sweltering.solar,available,64.99,64.99,medium,low,10,namesilo,,,11/09/2026 05:40
7e87e905-2958-49f6-a480-e3f8900140bd,fallen.solar,available,67.98,81.98,high,low,6,namecheap,,,24/09/2026 16:26
e9ec45ab-c23a-4130-a5e7-bccb5ac5c7b3,liberal.solar,available,9.99,83.99,high,low,7,name.com,,,09/08/2026 20:57
ac31a224-4b16-4f99-8673-76aded297f2f,intestate.solar,available,9.99,83.99,medium,low,9,name.com,,,22/08/2026 08:24
5c83ab29-7c4e-47cb-a309-abfc704bd95e,talentless.solar,available,64.99,64.99,medium,low,10,namesilo,,,11/09/2026 07:28
ecb009eb-f9d7-406a-9023-019e53a9c5b9,speaks.solar,available,67.98,81.98,medium,low,6,namecheap,,,16/09/2026 07:20
016c9302-51e5-4ac4-8d52-c868250f7cc1,filaria.solar,available,64.99,64.99,medium,low,7,namesilo,,,18/09/2026 06:14
8a9f2799-f1f7-4620-b8c1-43e6d36467ce,bedding.solar,available,64.99,64.99,high,low,7,namesilo,,,22/09/2026 22:50
be56063a-c746-48ab-92ff-77f9966199ac,inclusive.solar,available,9.99,83.99,high,low,9,name.com,,,22/08/2026 01:35
7ede816a-c1f4-4507-acc6-9da0c25ada5a,teeming.solar,available,64.99,64.99,medium,low,7,namesilo,,,11/09/2026 10:05
580aaae1-c700-4c06-9661-8608e3179bfc,arguer.solar,available,64.99,64.99,medium,low,6,namesilo,,,20/09/2026 04:46
15e6237c-4dfa-481d-9c5a-051e3a1f6473,disappeared.solar,available,67.98,81.98,medium,low,11,namecheap,,,25/09/2026 18:22
105ea389-3294-4c58-9c2c-39da4ea20d34,vestal.solar,available,64.99,64.99,medium,low,6,namesilo,,,13/09/2026 04:47
27bc7a29-4753-46eb-a67e-6aa288c6459a,blamed.solar,available,9.99,83.99,medium,low,6,name.com,,,10/08/2026 12:39
2a1ed467-7c77-4b27-a7fe-26f44d27cd03,ukrainian.solar,available,64.99,64.99,high,low,9,namesilo,,,11/09/2026 22:41
9f3ae320-5c70-4077-ac52-3c3f71b666b5,presently.solar,available,9.99,,high,low,9,name.com,,,
410fe57c-44a6-467e-8ca4-2985acc69b8c,augur.solar,available,64.99,64.99,high,low,5,namesilo,,,21/09/2026 03:21
ae532e60-58cb-4e44-8bdf-8ed289ea24c8,sidesaddle.solar,available,64.99,64.99,medium,low,10,namesilo,,,16/09/2026 01:43
f6ec4f61-0af9-4d80-9885-14c06f6a0680,rib.solar,available,64.99,64.99,high,low,3,namesilo,,,24/09/2026 02:30
348c0c89-e63b-4a04-8673-c4a6a80f10fc,allocator.solar,available,64.99,64.99,high,low,9,namesilo,,,18/09/2026 11:47
418a1dd2-599d-464b-83b7-a3d9a14c8bb7,traveling.solar,available,9.99,,high,low,9,name.com,,,
664c4e63-e002-4a4f-adcb-cde445520fdb,trna.solar,available,64.99,64.99,high,low,4,namesilo,,,16/09/2026 22:03
5aa3bb69-a093-4281-9cc5-1502e04568ac,vulpine.solar,available,64.99,64.99,medium,low,7,namesilo,,,13/09/2026 07:26
f49b512b-089b-4d61-8641-e8d50abadae3,feeder.solar,available,9.99,83.99,high,low,6,name.com,,,12/08/2026 21:09
b8ba7c73-6d50-4ad0-8213-7a81b308231f,easterly.solar,available,9.99,83.99,medium,low,8,name.com,,,14/08/2026 22:51
3c2db5f8-50d2-4704-8cc8-450993fc4b06,select.solar,premium,512,512,high,medium,6,namesilo,,,22/09/2026 23:07
90605fdd-7a42-4282-ac53-ea38bedae353,platter.solar,available,9.99,,high,low,7,name.com,,,
610d6767-c8f7-4a65-9655-212c3a34676d,orthoptic.solar,available,67.98,81.98,medium,low,9,namecheap,,,04/09/2026 18:06
ac188166-c125-4bc9-9e3f-164900f3463e,walkabout.solar,available,9.99,,high,low,10,name.com,,,
70a54308-9c47-4ed9-ac46-af4ce6aa2464,bassoon.solar,available,9.99,83.99,high,low,7,name.com,,,22/09/2026 12:33
288ba4dd-eaeb-4232-aa3f-863af683fd58,unscathed.solar,available,9.99,83.99,high,low,9,name.com,,,12/09/2026 12:03
dce93021-147a-4ce9-aff2-54bc3e15bda0,daringly.solar,available,64.99,64.99,medium,low,8,namesilo,,,14/09/2026 10:37
7809b143-7f46-495b-8ee8-04cb1cd7b38d,horsehead.solar,available,67.98,81.98,medium,low,9,namecheap,,,20/09/2026 21:40
6784fa02-a8b8-40dc-89c2-ba7ba7525b7a,rudimentary.solar,available,9.99,,high,low,11,name.com,,,
6680ea1f-a0fb-426a-ada1-6e33caaaff05,adsorbent.solar,available,9.99,83.99,medium,low,9,name.com,,,
1cd2fec1-c680-4130-bb8d-8ac27b9f9d1b,rucksack.solar,available,9.99,83.99,high,low,8,name.com,,,21/09/2026 14:41
f7886044-1b47-436d-97c6-3397d18c4916,adriatic.solar,available,67.98,81.98,high,low,8,namecheap,,,17/09/2026 10:03
113269a8-9ee3-45fb-96a2-283507672e58,hag.solar,available,64.99,64.99,high,low,3,namesilo,,,23/09/2026 04:44
08f79f1d-353b-41bb-b14d-6f7463eda76c,scrutinise.solar,available,64.99,64.99,medium,low,10,namesilo,,,21/09/2026 03:07
40f9051f-0cae-4232-a560-928e95bc372f,afterimage.solar,available,64.99,64.99,high,low,10,namesilo,,,17/09/2026 15:42
27692845-0610-4726-a601-ec73ab74903e,often.solar,available,9.99,,high,low,5,name.com,,,
b6986f55-3832-4011-ad21-abb38cec97bd,diaper.solar,available,64.99,64.99,high,low,6,namesilo,,,03/09/2026 13:09
9868e9eb-2450-4595-ada4-aed9c9cb2385,coyol.solar,available,64.99,64.99,medium,low,5,namesilo,,,17/09/2026 03:38
a66ce4ac-00ed-4a2c-8dd2-c3a6beabeeec,anisoptera.solar,available,64.99,64.99,medium,low,10,namesilo,,,19/09/2026 09:34
772ed782-ff51-4dde-ad20-1ffa4d7a9b3b,aleatory.solar,available,9.99,83.99,medium,low,8,name.com,,,
0bb09519-bca4-4441-b47a-d74f63c666cc,rightly.solar,available,64.99,64.99,high,low,7,namesilo,,,15/09/2026 10:16
fc8a524d-021a-446c-8647-f52d162a04da,responded.solar,available,67.98,81.98,medium,low,9,namecheap,,,18/09/2026 18:02
1de3c7b9-a1a1-412f-9af2-00354c5bf0c3,futurist.solar,available,9.99,83.99,high,low,8,name.com,,,18/08/2026 19:19
9ae91a4e-ee49-4726-96bc-911024328eed,parable.solar,available,64.99,64.99,high,low,7,namesilo,,,18/09/2026 10:36
22bbbc0f-2a1a-4bfe-b05f-f81ab5a5c417,tornados.solar,available,64.99,64.99,medium,low,8,namesilo,,,16/09/2026 14:12
e9e38f36-1f06-44d3-af05-2b3582163c71,jagged.solar,available,9.99,83.99,medium,low,6,name.com,,,17/08/2026 12:32
2eb1d62f-a944-46ed-ba71-446c78084704,inundated.solar,available,9.99,83.99,medium,low,9,name.com,,,08/08/2026 00:29
7f809add-f1ba-4c13-866a-9b94c4f06c5f,bilk.solar,available,64.99,64.99,medium,low,4,namesilo,,,09/09/2026 08:21
b5091be5-7db5-41d9-9e0b-8e9f86cb1d7f,nurse.solar,available,9.99,,high,low,5,name.com,,,
a8b2fe01-cbc8-43a1-bb0b-a7e271545fbe,clogged.solar,available,9.99,83.99,medium,low,7,name.com,,,12/08/2026 06:41
7f42afe1-fd91-42c7-9b4c-2c281ce8f4d4,aquaphobia.solar,available,64.99,64.99,medium,low,10,namesilo,,,19/09/2026 22:59
49931d8f-99a4-485a-ac26-f3cfb74dbd70,businessman.solar,available,64.99,64.99,high,low,11,namesilo,,,19/09/2026 04:56
1218c224-9542-4157-b3b5-04fd9dffa21c,poetical.solar,available,64.99,64.99,high,low,8,namesilo,,,08/09/2026 22:34
19c10534-57f4-403f-aa17-cb04782972a1,beamy.solar,available,9.99,83.99,medium,low,5,name.com,,,09/08/2026 04:18
565569c3-253f-4be9-b3ae-ebce25fa10dc,quantities.solar,available,9.99,,low,low,10,name.com,,,
45337ace-bf0c-4b30-800d-48f026e10151,badness.solar,available,9.99,83.99,medium,low,7,name.com,,,08/08/2026 07:23
f4b143f7-417c-4145-94d8-56840de93f79,atropine.solar,available,64.99,64.99,medium,low,8,namesilo,,,21/09/2026 01:00
8b45135d-fe06-4bf4-bdf6-3d36176cd967,dyed.solar,available,9.99,83.99,high,low,4,name.com,,,14/08/2026 21:54
c6502314-1a31-45bc-8afc-7a6919923d77,blustery.solar,available,9.99,83.99,medium,low,8,name.com,,,10/08/2026 16:31
1ba33a5d-dfe8-4e77-bb5d-d0b22dcc4e48,sonorous.solar,available,64.99,64.99,medium,low,8,namesilo,,,10/09/2026 14:13
79414c4b-a53b-4a17-8001-0a391ac63bca,notability.solar,available,64.99,64.99,high,low,10,namesilo,,,03/09/2026 22:04
236aec20-3534-49ed-b3ec-f603038e4e34,fears.solar,available,64.99,64.99,medium,low,5,namesilo,,,27/09/2026 08:58
957796e9-65ab-4a33-92e3-ec73d36d21c7,neighborly.solar,available,64.99,64.99,high,low,10,namesilo,,,03/09/2026 15:16
2ee76416-e209-4cad-8300-828b961012c0,detain.solar,available,67.98,81.98,high,low,6,namecheap,,,24/09/2026 21:28
41c9f08d-9cd5-499e-9999-19df60722087,offroader.solar,available,64.99,64.99,medium,low,10,namesilo,,,18/09/2026 09:00
0330d0aa-594f-47d5-add4-46ad464cba5f,beatable.solar,available,9.99,83.99,medium,low,8,name.com,,,09/08/2026 05:37
a29c2c1a-71b4-4d02-b03e-a7c59397fc3e,blacksnake.solar,available,64.99,64.99,medium,low,10,namesilo,,,24/09/2026 01:28
96f8bd31-287b-44ba-91dc-52a9739ac25a,jesting.solar,available,9.99,83.99,high,low,7,name.com,,,22/08/2026 12:52
76cee0d1-260d-4139-9993-2b8b246762c5,contagious.solar,available,9.99,83.99,high,low,10,name.com,,,11/08/2026 21:18
395126e6-5ce5-4e73-907a-92af37294169,throws.solar,available,64.99,64.99,medium,low,6,namesilo,,,19/09/2026 00:51
005c5565-0428-457c-8f5b-982d8a10a759,pantie.solar,available,64.99,64.99,medium,low,6,namesilo,,,09/09/2026 22:40
b65457f6-bb4b-4a76-975e-ed7be562b6f5,plain.solar,available,64.99,64.99,high,low,5,namesilo,,,22/09/2026 07:19
67e372bc-9004-4dbb-bb0a-0b7b198550b0,asymptotic.solar,available,9.99,83.99,medium,low,10,name.com,,,07/08/2026 10:30
0ae56667-07d7-4bb2-a544-821e6a6b5be0,collapsed.solar,available,67.98,81.98,low,low,9,namecheap,,,20/09/2026 18:10
2e93dc91-c75c-455e-b779-9184c83735a5,levantine.solar,available,9.99,83.99,medium,low,9,name.com,,,23/08/2026 00:31
b68c3ffe-e903-4846-8d2e-8ca29dba5603,ingrown.solar,available,9.99,83.99,medium,low,7,name.com,,,22/08/2026 04:56
0f65fbe2-f05a-4aa2-866a-3f45c7e44fdf,humbled.solar,available,9.99,83.99,high,low,7,name.com,,,21/08/2026 15:00
cdf9a906-79b4-4e79-85ea-20adb529c17a,lousy.solar,available,67.98,81.98,medium,low,5,namecheap,,,24/09/2026 01:33
bf9f2a0f-685c-4d8f-a7ff-6acdf53635bb,mechanical.solar,available,64.99,64.99,high,low,10,namesilo,,,25/09/2026 18:43
9bfc8180-48b0-4f83-b03e-b05a5550851e,arctan.solar,available,64.99,64.99,medium,low,6,namesilo,,,20/09/2026 01:31
18083fee-472d-489f-9e23-f9a8b8b61678,gods.solar,available,9.99,,high,low,4,name.com,,,
b5e4ad91-5f38-49f0-ac80-2fae3b2164b1,astonish.solar,available,9.99,,high,low,8,name.com,,,
6b3fb393-8d07-4e08-b654-50617d3c96c0,sweat.solar,available,9.99,,high,low,5,name.com,,,
d6414a65-b947-4841-b6d7-e2c41b5597b2,unwed.solar,available,64.99,64.99,medium,low,5,namesilo,,,12/09/2026 22:35
f29a9cfc-8bc7-45da-accf-0849ac6dc830,seeable.solar,available,64.99,64.99,medium,low,7,namesilo,,,10/09/2026 01:41
f784f909-9cdf-487d-a929-462ad81b17a0,fractions.solar,available,64.99,64.99,medium,low,9,namesilo,,,20/09/2026 01:27
6d87a297-83d9-40bb-aed6-58e5075f2865,yards.solar,available,64.99,64.99,high,low,5,namesilo,,,25/09/2026 05:56
0cc5efb8-7930-41f7-a847-a970d8abbf1c,ago.solar,available,64.99,64.99,high,low,3,namesilo,,,21/09/2026 23:15
fd7885a4-c0b9-4149-993b-6b1ca3df4e83,bookworm.solar,available,64.99,64.99,high,low,8,namesilo,,,09/09/2026 23:16
7ec0ad54-289f-457d-8cf2-7d1044f05557,wellington.solar,available,64.99,64.99,high,low,10,namesilo,,,20/09/2026 11:08
8854098f-b9b9-45a9-a6d7-26d61a333214,unethical.solar,available,64.99,64.99,medium,low,9,namesilo,,,12/09/2026 09:19
5cc64573-db77-4721-8a41-3a815f132858,reps.solar,available,64.99,64.99,high,low,4,namesilo,,,21/09/2026 08:18
d12589cf-2e6c-414b-a3e0-45981f4bec81,silhouettes.solar,available,64.99,64.99,medium,low,11,namesilo,,,20/09/2026 11:57
3a26c717-ad9c-4eea-8e3e-2e03640aba53,hertzian.solar,available,9.99,83.99,medium,low,8,name.com,,,21/08/2026 07:14
a54886f6-8492-4da0-9a34-6c2012c19102,receipts.solar,available,9.99,,high,low,8,name.com,,,
44b440d6-9bba-4c7b-a772-0d40c416044f,alienage.solar,available,64.99,64.99,medium,low,8,namesilo,,,18/09/2026 07:33
a0a20cb0-0924-4359-9c50-4769c252eaef,asking.solar,available,9.99,,high,low,6,name.com,,,
08642032-fa61-4498-bf4e-fe15450251ef,success.solar,available,9.99,,high,low,7,name.com,,,
e15a3a44-645a-4c0d-b4b7-02cd44e96ce9,consumption.solar,available,9.99,,high,low,11,name.com,,,
e38c149e-e512-4766-a612-ba6888f1b2e6,moderato.solar,available,9.99,83.99,medium,low,8,name.com,,,25/08/2026 02:58
d26c30fc-b8b5-4532-a6fb-4af13783a22f,funfair.solar,available,64.99,64.99,high,low,7,namesilo,,,24/09/2026 16:14
3033bfb5-26f2-4877-b6c9-a59f032773e4,reel.solar,available,64.99,64.99,high,low,4,namesilo,,,24/09/2026 06:24
67603581-21e5-4718-8303-c9def96ad0d9,regular.solar,available,51.95,51.95,high,low,7,spaceship,,,27/09/2026 11:38
796fdf5e-cac5-49c0-ae99-c9f41c09fd92,borne.solar,available,9.99,,high,low,5,name.com,,,
b0c73747-4b83-40b0-91ee-8a476658ef4e,blameless.solar,available,9.99,83.99,high,low,9,name.com,,,10/08/2026 12:53
d24780bd-8924-46b2-b543-608638f19577,cannily.solar,available,64.99,64.99,medium,low,7,namesilo,,,14/09/2026 05:10
3ae816ca-f4a0-44c7-8867-6d55cff72482,clink.solar,available,9.99,83.99,medium,low,5,name.com,,,08/09/2026 22:47
99259bb5-4dc3-4b4e-8081-cff0079232bd,ripened.solar,available,67.98,81.98,high,low,7,namecheap,,,09/09/2026 17:55
2dfb675c-87b0-4ce5-9e63-821387b7bd68,motile.solar,available,9.99,83.99,medium,low,6,name.com,,,25/08/2026 07:18
97322b56-0fa4-4a03-910f-22c407c0c1d3,appellant.solar,available,9.99,83.99,medium,low,9,name.com,,,06/08/2026 06:23
5d967c73-f22c-4f68-8490-99521debbbe0,midst.solar,available,9.99,83.99,medium,low,5,name.com,,,11/09/2026 13:11
e3a26912-1aad-4ea6-863a-195245787afc,cashew.solar,available,67.98,81.98,high,low,6,namecheap,,,19/09/2026 01:00
949a0ed3-bacf-494d-b0d4-eee3b20e7530,perdurable.solar,available,64.99,64.99,medium,low,10,namesilo,,,08/09/2026 16:24
af2e86b1-ed3e-4d8e-8bfc-991da267fef2,hannukah.solar,available,9.99,,medium,low,8,name.com,,,
c3644be6-b793-4fee-9f17-9fe00468e85b,consuming.solar,available,67.98,81.98,high,low,9,namecheap,,,23/09/2026 21:22
1d07cfdf-58fc-4047-b81b-ead4947def39,convolve.solar,available,9.99,83.99,medium,low,8,name.com,,,13/08/2026 00:01
537e28de-c24c-4145-ab1d-a36c35944d20,divas.solar,available,64.99,64.99,medium,low,5,namesilo,,,20/09/2026 06:21
ab3aa6dd-58e1-4826-a6f7-8f0e6f6fe21a,builder.solar,available,9.99,,high,low,7,name.com,,,
db567697-c3aa-4c66-ab30-91975beb79c0,stitches.solar,available,9.99,,medium,low,8,name.com,,,
26f18298-9ddc-441e-9b84-ffafbd0c5556,lynn.solar,available,64.99,64.99,high,low,4,namesilo,,,27/09/2026 07:20
3530621d-b8d0-4b26-ac59-21d15e0604a9,balas.solar,available,67.98,81.98,medium,low,5,namecheap,,,21/09/2026 21:07
69c947ff-0812-4e7e-856c-c1db989b330d,pass.solar,available,64.99,64.99,high,low,4,namesilo,,,27/09/2026 02:49
f6360dae-6512-4827-aa1f-ac7d8bd01af0,ovoid.solar,available,9.99,83.99,medium,low,5,name.com,,,15/08/2026 18:50
86450099-7bf4-4ae3-970b-e60d598ab6d0,snugly.solar,available,9.99,83.99,medium,low,6,name.com,,,16/09/2026 03:31
2b76e486-0e4b-47cd-88f7-6462a46440c1,croak.solar,available,67.98,81.98,medium,low,5,namecheap,,,24/09/2026 19:33
291b7f6f-37c4-481e-a038-f215d666ae10,elephants.solar,available,67.98,81.98,high,low,9,namecheap,,,18/09/2026 04:24
5df55bba-2b28-48ee-a19c-1e0729da7a2d,hip.solar,available,9.99,83.99,high,low,3,name.com,,,21/08/2026 06:45
13818b82-d713-4575-a574-efdaddbd9c85,ditch.solar,available,64.99,64.99,high,low,5,namesilo,,,24/09/2026 23:15
8fdf2994-ed8a-4dc5-a338-366216166fcb,liege.solar,available,9.99,83.99,medium,low,5,name.com,,,18/08/2026 03:03
7a343128-35a5-4143-9b7f-4d5fa6cdb319,finable.solar,available,9.99,83.99,medium,low,7,name.com,,,18/08/2026 04:28
69277002-0f80-4d1c-8a06-a02ac3f31974,championship.solar,available,64.99,64.99,high,low,12,namesilo,,,27/09/2026 02:00
c3ea59cf-40cf-406b-9e92-4bc999a839a6,covid.solar,available,9.99,,high,low,5,name.com,,,
f3fb1c0e-bb16-4a1b-a1ff-9bbb830788c3,jackfruit.solar,available,64.99,64.99,high,low,9,namesilo,,,20/09/2026 11:58
5ebde432-9358-48c0-9efc-8e57c0935266,tehran.solar,available,64.99,64.99,high,low,6,namesilo,,,25/09/2026 22:03
29aa6f94-e86f-4f28-b88f-ed78f792a74f,tartness.solar,available,64.99,64.99,medium,low,8,namesilo,,,17/09/2026 03:12
64037fe4-86bc-41ff-99c0-3e1523b6b59c,dental.solar,available,64.99,64.99,high,low,6,namesilo,,,22/09/2026 02:57
46dc1d5a-c22b-41ef-88a8-06b46e87c331,compatible.solar,available,64.99,64.99,high,low,10,namesilo,,,23/09/2026 16:57
c7300121-4fe9-4d97-80ff-1e106ee7eb2e,civil.solar,available,9.99,83.99,high,low,5,name.com,,,12/08/2026 09:03
c32d800e-20c0-42e4-82e1-b22894b7974c,hung.solar,available,64.99,64.99,high,low,4,namesilo,,,27/09/2026 08:46
d77ff501-bddd-47fc-97a4-3ab0a43a96ab,diner.solar,available,9.99,,high,low,5,name.com,,,
91996bd1-66f0-4874-b411-5f3a8ca52b76,badinage.solar,available,67.98,81.98,medium,low,8,namecheap,,,21/09/2026 17:13
840a80ad-0084-4cb0-a6a3-236224398689,smarted.solar,available,67.98,81.98,medium,low,7,namecheap,,,20/09/2026 16:41
e75b9c45-f38f-4f86-972f-f350506c5967,hittite.solar,available,9.99,83.99,medium,low,7,name.com,,,21/08/2026 10:00
bc44656a-0cb8-4af6-a1d2-f4c8c938bcef,anomy.solar,available,64.99,64.99,medium,low,5,namesilo,,,19/09/2026 11:32
12465f7e-b6e2-4529-bd8e-afb498665a9b,homebody.solar,available,9.99,83.99,medium,low,8,name.com,,,10/09/2026 19:28
dd467380-e791-47f8-a670-606e929a1a61,narrowing.solar,available,9.99,83.99,high,low,9,name.com,,,12/08/2026 23:00
8e656fbe-ce8b-4aa1-ad24-128e36d4dd6f,arabic.solar,available,64.99,64.99,high,low,6,namesilo,,,22/09/2026 07:33
1e0ca322-544e-459a-b4ce-4b0a70ed3410,disquiet.solar,available,64.99,64.99,high,low,8,namesilo,,,24/09/2026 22:51
90b2b939-05e2-4ec7-81ae-7df2a9325110,newcomer.solar,available,9.99,83.99,high,low,8,name.com,,,18/08/2026 07:31
fe16228e-339b-41f2-a932-fbf3bbe2165c,derivative.solar,available,9.99,83.99,high,low,10,name.com,,,14/08/2026 03:01
9110e2a5-e297-4fcf-9681-dbd9984d4ae6,chunks.solar,available,64.99,64.99,medium,low,6,namesilo,,,18/09/2026 14:56
bfa4c4e4-a384-4857-bff3-b0411dd7ecc9,athletic.solar,available,64.99,64.99,high,low,8,namesilo,,,21/09/2026 16:12
e7837b29-8059-4175-b986-7f9610f678ef,jejune.solar,available,9.99,83.99,medium,low,6,name.com,,,22/08/2026 12:45
85287700-1219-484e-a712-3ef36a89edc4,implicit.solar,available,9.99,83.99,high,low,8,name.com,,,21/08/2026 22:37
422d98df-1dd2-494c-a879-976ae35e6af9,widen.solar,available,9.99,,high,low,5,name.com,,,
976e64ca-aca4-465b-bb2a-9cd7ba23aa18,segovia.solar,available,64.99,64.99,medium,low,7,namesilo,,,19/09/2026 04:41
e115c925-329f-44f2-82e8-ff6c0230760c,scanty.solar,available,64.99,64.99,medium,low,6,namesilo,,,09/09/2026 22:38
4420931b-5f91-4364-a3bd-5796079e65fb,polonium.solar,available,64.99,64.99,medium,low,8,namesilo,,,20/09/2026 23:54
b7b33721-7cfb-49ca-9be3-701346e572ef,sliced.solar,available,64.99,64.99,high,low,6,namesilo,,,23/09/2026 14:26
2498ad9b-aee4-4f76-bee6-c8bc4de23130,slavonic.solar,available,64.99,64.99,high,low,8,namesilo,,,10/09/2026 10:34
ea98d34a-fcfa-4885-bf39-0ab4ed509edd,apsu.solar,available,67.98,81.98,medium,low,4,namecheap,,,19/09/2026 22:37
c748e614-f789-4c2f-a44b-a479e5816585,drugless.solar,available,9.99,83.99,medium,low,8,name.com,,,14/08/2026 20:11
bbd86e89-e0d9-40fb-bf7b-7afc0653f67e,hamilton.solar,available,,,high,medium,8,,,,
a40655b7-f407-4215-97cb-6eb1d8bf3ba2,wilful.solar,available,9.99,83.99,medium,low,6,name.com,,,18/08/2026 16:39
cbdaee08-918b-43df-a3ee-70eab89a8c3c,nattily.solar,available,64.99,64.99,medium,low,7,namesilo,,,15/09/2026 16:12
97d20a78-51b4-4c5b-96f0-2d03e38df749,peopled.solar,available,64.99,64.99,medium,low,7,namesilo,,,08/09/2026 15:32
a71f164e-fa07-4301-aca9-1fccffa60100,undue.solar,available,9.99,83.99,medium,low,5,name.com,,,17/08/2026 16:19
c180b601-2b62-4a49-924e-a78031e4c9ea,honored.solar,available,9.99,83.99,high,low,7,name.com,,,17/08/2026 13:25
fa323a92-d211-4d14-b454-67be83cda238,landed.solar,available,9.99,83.99,high,low,6,name.com,,,22/08/2026 19:22
5a588d95-21af-40bc-88ff-05c7ba8e6e86,asexual.solar,available,9.99,83.99,high,low,7,name.com,,,07/08/2026 01:33
8cc41ce7-33c1-45f8-9e14-3525df9e8fe7,waxen.solar,available,64.99,64.99,medium,low,5,namesilo,,,13/09/2026 08:42
1125a747-85f8-4973-8741-fe3d55e7b8ce,larboard.solar,available,9.99,83.99,medium,low,8,name.com,,,22/08/2026 19:51
3847c04e-73ca-4ce2-88c7-ec6d392f0df7,attache.solar,available,64.99,64.99,high,low,7,namesilo,,,21/09/2026 01:04
553e63fe-2395-4691-a468-58511812f59a,manycore.solar,available,64.99,64.99,medium,low,8,namesilo,,,17/09/2026 08:17
c2ad96b3-0f4f-441b-8ba8-fef336d95525,arioso.solar,available,64.99,64.99,medium,low,6,namesilo,,,20/09/2026 05:35
523df029-da16-416e-9b01-00ea73267a1e,paranormal.solar,available,9.99,83.99,high,low,10,name.com,,,17/08/2026 19:25
8b82af90-fdc1-4934-9602-01bad57d1f21,murphy.solar,available,67.98,81.98,high,low,6,namecheap,,,25/09/2026 07:49
d50ed926-2352-47dd-af67-26abbf45a192,melanesian.solar,available,9.99,83.99,medium,low,10,name.com,,,24/08/2026 19:29
b4124f2c-2495-4cb0-b63f-1869b564bd93,haven.solar,resell,,,high,medium,5,"Sav.com, LLC - 45",24/06/2026 15:15,24/06/2027 15:15,26/09/2026 06:35
2b7a509c-b69d-4418-8953-3acff740ce64,bathyal.solar,available,9.99,83.99,low,low,7,name.com,,,09/08/2026 01:34
0412e06c-fe4c-4b40-8966-9e6eeff67ab8,ards.solar,available,67.98,81.98,medium,low,4,namecheap,,,17/09/2026 10:14
8597d00b-7204-4964-9c54-fa8068a9f732,outgoing.solar,available,9.99,83.99,high,low,8,name.com,,,18/08/2026 12:37
366c0b7b-95d6-4fb2-b233-72acebd0dcdf,idly.solar,available,64.99,64.99,high,low,4,namesilo,,,15/09/2026 01:38
7e450396-fc7d-458a-86b1-a163b0593579,hilarious.solar,available,9.99,83.99,high,low,9,name.com,,,21/08/2026 09:21
c15c0644-9774-465d-bbcb-3cf0587c8930,ritzy.solar,available,67.98,81.98,high,low,5,namecheap,,,09/09/2026 18:04
998a5096-f465-40c0-8574-dda2e5c0d99a,ivan.solar,available,64.99,64.99,high,low,4,namesilo,,,25/09/2026 12:04
17316973-7b7a-49ea-9a73-a3c0a2b038e1,skywards.solar,available,64.99,64.99,medium,low,8,namesilo,,,10/09/2026 09:51
648bd2b2-ecca-4f74-8afc-7948eb70b79a,bowed.solar,available,9.99,83.99,medium,low,5,name.com,,,06/08/2026 14:55
7a9874b0-7573-4ddc-ac34-a1ae794585ef,reportable.solar,available,64.99,64.99,medium,low,10,namesilo,,,09/09/2026 14:36
f11da981-285c-4367-8235-51d809ce186a,bazooka.solar,available,67.98,81.98,high,low,7,namecheap,,,22/09/2026 18:25
f7f64a47-a748-4061-9e67-beb52e812b70,ordinance.solar,available,64.99,64.99,high,low,9,namesilo,,,09/09/2026 13:13
895ced3a-f7ae-45ff-865a-8c0e2eb14563,selected.solar,available,9.99,,high,low,8,name.com,,,
88fb1d42-ce1a-4d75-a5bb-086e91bcf4b9,knife.solar,available,64.99,64.99,high,low,5,namesilo,,,25/09/2026 23:24
31b5956e-e0da-4106-82a3-87fb95b92ad4,bandleader.solar,available,64.99,64.99,high,low,10,namesilo,,,22/09/2026 01:25
7ae042a7-bc52-41ae-8104-cc985659e81e,teensy.solar,available,9.99,83.99,high,low,6,name.com,,,10/08/2026 08:01
8eaa21e6-5cf3-44fd-a5a4-bd77f1d11c8f,commander.solar,available,64.99,64.99,high,low,9,namesilo,,,17/09/2026 22:14
e8b47509-5e77-4671-a6da-fc741ebc3361,blaeberry.solar,available,64.99,64.99,medium,low,9,namesilo,,,23/09/2026 15:39
cfeb18fd-5f88-46c7-976c-67b2ad75da8a,ternion.solar,available,9.99,83.99,medium,low,7,name.com,,,
8470996b-006c-40f9-9198-34158b59d81e,thirties.solar,available,64.99,64.99,high,low,8,namesilo,,,16/09/2026 12:05
ede5f506-4e1b-4225-8db0-e7ab9ad60f2f,idyllic.solar,available,9.99,83.99,high,low,7,name.com,,,21/08/2026 18:14
db12ebfc-c827-44f0-bce6-b2f2dda36c1b,artfulness.solar,available,64.99,64.99,high,low,10,namesilo,,,20/09/2026 10:34
8d374734-754f-415b-8723-c12110955f4d,auc.solar,available,64.99,64.99,high,low,3,namesilo,,,21/09/2026 02:37
e406fb66-ac9b-4aad-8483-a04642e96201,pestilent.solar,available,9.99,83.99,medium,low,9,name.com,,,08/08/2026 12:06
221a8c98-1874-4c3c-94b7-f76c3bf46094,carlton.solar,available,64.99,64.99,high,low,7,namesilo,,,25/09/2026 15:21
90e0bf5d-9dff-4770-8553-db292695d06e,diametral.solar,available,9.99,83.99,medium,low,9,name.com,,,14/08/2026 05:54
285b95d5-9a97-4133-8852-543b2d26fbcd,heavenward.solar,available,9.99,83.99,medium,low,10,name.com,,,21/08/2026 02:31
010c54f0-0a29-4cce-9082-dcdc2e59ced3,malleable.solar,available,9.99,83.99,high,low,9,name.com,,,14/08/2026 20:52
58417580-436d-4f29-8dce-0d572d1d6df4,refractory.solar,available,9.99,83.99,medium,low,10,name.com,,,18/08/2026 13:55
68d55492-2a7f-4349-98ce-e02678216129,anchorman.solar,available,64.99,64.99,high,low,9,namesilo,,,19/09/2026 03:46
2c1f803e-6c8c-4110-bb7b-09654bdd4574,renewed.solar,available,64.99,64.99,high,low,7,namesilo,,,09/09/2026 14:04
0c924808-eb63-4059-b6d3-1e397f28c492,august.solar,available,64.99,64.99,high,low,6,namesilo,,,22/09/2026 12:44
63f8b315-bd6b-46cb-919d-8fdeeda6fe22,created.solar,available,9.99,,high,low,7,name.com,,,
b53f5e38-a1c8-42ee-b692-2536b8966686,infinite.solar,resell,,,high,medium,8,"Sav.com, LLC - 17",24/03/2026 15:15,24/03/2027 15:15,26/09/2026 06:51
b99006ae-c61d-4309-9c3d-2c2dbfee6f34,narial.solar,available,64.99,64.99,medium,low,6,namesilo,,,03/09/2026 13:14
b7a25611-bb91-4a39-8e9c-9c40d0cae23d,knee.solar,available,64.99,64.99,high,low,4,namesilo,,,20/09/2026 11:27
e04b8d94-7de0-438d-b652-0c77e0761991,distance.solar,available,9.99,,high,low,8,name.com,,,
88745b3e-8324-47f7-a9b3-546d9b453f9c,eolic.solar,available,64.99,64.99,medium,low,5,namesilo,,,17/09/2026 12:36
7ce8c8bc-7a8f-41a4-8661-6930eecdde0f,apostate.solar,available,9.99,83.99,medium,low,8,name.com,,,06/08/2026 03:35
cf3552cd-ba69-420c-944f-ada2b359de6e,insensible.solar,available,9.99,83.99,medium,low,10,name.com,,,22/08/2026 06:47
fde7fc0c-fa3c-4235-b897-7951119f5d89,guerilla.solar,available,9.99,83.99,high,low,8,name.com,,,22/08/2026 10:15
62c3e8d4-cdbe-4e9b-918e-f1a66ad6307b,rebellion.solar,available,9.99,,high,low,9,name.com,,,
b2a3a7ee-44f3-4320-ad7f-a1cf64cd99b1,chocolate.solar,available,64.99,64.99,high,low,9,namesilo,,,24/09/2026 03:16
e524d28f-e4a5-4fd0-bfc0-3e55133dd746,minimal.solar,available,9.99,83.99,high,low,7,name.com,,,24/08/2026 23:50
79b0662d-7f46-4e12-b50e-f3d668d4da94,greyish.solar,available,9.99,83.99,medium,low,7,name.com,,,20/08/2026 18:54
5d2dc801-dba8-4cdd-8314-a239a231105f,chevalier.solar,available,9.99,83.99,high,low,9,name.com,,,11/08/2026 22:49